employe_id,nom,departement,salaire,anciennete,evaluation,genre,ville
1,Thomas Roux,Finance,87085,19,3.6,M,Paris
2,Marc Bernard,Support,56618,18,,M,Lyon
3,Julie Richard,Support,49112,9,2.3,F,Marseille
4,Marie Dubois,Direction,101947,9,2.7,F,Lyon
5,Nicolas David,Marketing,58162,3,2.5,M,Toulouse
6,Alexandre Bertrand,Engineering,89707,15,3.3,M,Bordeaux
7,Emma Bertrand,Commercial,57411,19,2.6,F,Strasbourg
8,Alexandre Durand,Support,49162,9,3.1,M,Paris
9,Thomas Fournier,RH,45274,13,3.7,M,Toulouse
10,Sophie Moreau,Finance,79522,16,3.0,F,Lyon
11,Chloé Vincent,Commercial,63618,0,4.4,F,Strasbourg
12,Marc David,Marketing,76123,20,1.9,M,Lille
13,Marie Bertrand,Finance,80053,18,3.0,F,Lille
14,Sophie Robert,Finance,51870,0,3.4,F,Marseille
15,Julie Fournier,Engineering,104448,25,3.4,F,Nantes
16,Julien Garcia,Direction,90189,9,3.7,M,Lyon
17,Thomas Dubois,RH,49396,16,3.0,M,Strasbourg
18,Léa Robert,Direction,123642,3,3.5,F,Marseille
19,Hugo Lefebvre,Support,42945,16,5.0,M,Lyon
20,Pierre Bertrand,Direction,125705,21,3.9,M,Bordeaux
21,Julien Petit,Marketing,50672,9,3.1,M,Marseille
22,Jean Fournier,Commercial,52571,16,3.6,M,Lille
23,Alice Durand,Marketing,47126,2,3.3,F,Paris
24,Pierre Lefebvre,Engineering,61696,2,3.4,M,Strasbourg
25,Léa Petit,Support,64208,24,4.8,F,Strasbourg
26,Hugo Thomas,RH,62373,9,3.3,M,Strasbourg
27,Marc Fournier,Finance,66918,11,2.8,M,Lille
28,Pierre David,Engineering,77385,11,2.3,M,Bordeaux
29,Maxime Thomas,RH,72682,22,2.7,M,Strasbourg
30,Camille Fournier,Marketing,56471,17,2.4,F,Lyon
31,Chloé Vincent,Direction,110033,10,3.3,F,Strasbourg
32,Léa Roux,Engineering,69958,14,3.2,F,Lyon
33,Léa David,Support,44115,21,4.2,F,Paris
34,Hugo Roux,Finance,72911,12,4.3,M,Toulouse
35,Emma Vincent,Direction,118583,21,1.4,F,Lille
36,Alexandre Bertrand,RH,58267,4,,M,Paris
37,Sophie Moreau,Direction,84114,0,2.9,F,Nantes
38,Clara Petit,Support,39514,5,3.9,F,Nantes
39,Chloé Robert,Finance,55138,21,3.2,F,Strasbourg
40,Pierre Robert,Support,58970,25,3.1,M,Nantes
41,Clara Michel,Commercial,56780,14,3.4,F,Strasbourg
42,Maxime Leroy,RH,57630,17,3.5,M,Paris
43,Sophie Vincent,RH,62226,22,1.9,F,Bordeaux
44,Maxime Fournier,Engineering,71007,7,3.2,M,Lyon
45,Alice Bernard,Finance,83719,17,2.6,F,Lille
46,Emma Richard,Engineering,109171,22,3.4,F,Bordeaux
47,Alice Richard,Commercial,57732,1,3.5,F,Strasbourg
48,Nicolas Leroy,Marketing,69228,19,3.3,M,Paris
49,Alexandre Robert,Support,43742,14,3.6,M,Marseille
50,Julien Dubois,Marketing,75447,19,2.9,M,Strasbourg
51,Chloé Durand,Support,49684,14,2.1,F,Paris
52,Jean Richard,RH,57573,12,2.8,M,Toulouse
53,Manon Leroy,Marketing,69298,16,4.3,F,Lille
54,Pierre Roux,Support,54505,11,3.1,M,Bordeaux
55,Sophie Leroy,Support,57566,18,3.5,F,Toulouse
56,Julien Roux,Engineering,54291,21,2.2,M,Nantes
57,Hugo Laurent,Marketing,59440,23,3.8,M,Toulouse
58,Pierre Dubois,Direction,99766,19,3.6,M,Marseille
59,Nicolas Moreau,RH,82191,21,4.1,M,Nantes
60,Emma Richard,Direction,87762,2,3.2,F,Nantes
61,Nicolas Leroy,Marketing,57794,14,3.7,M,Strasbourg
62,Camille Fournier,Support,47161,3,,F,Lyon
63,Alexandre Leroy,Direction,85094,14,3.5,M,Paris
64,Julie Simon,RH,54837,18,3.5,F,Strasbourg
65,Sophie Roux,Marketing,46533,0,3.6,F,Lille
66,Chloé Bernard,Support,50234,20,3.1,F,Lille
67,Emma Petit,Marketing,51211,17,3.9,F,Lyon
68,Manon Dubois,Support,49460,14,,F,Toulouse
69,Hugo Lefebvre,Engineering,85437,25,2.0,M,Strasbourg
70,Jean Simon,Engineering,81303,10,3.2,M,Lyon
71,Clara Robert,Support,42257,18,3.4,F,Paris
72,Thomas Robert,Engineering,76228,5,2.6,M,Lyon
73,Alexandre Dubois,Direction,80136,3,3.3,M,Toulouse
74,Léa Thomas,Support,52069,18,3.3,F,Toulouse
75,Julien Dubois,Engineering,55394,8,3.2,M,Strasbourg
76,Marc Thomas,Direction,132300,20,2.5,M,Paris
77,Jean Martin,Marketing,58390,2,3.2,M,Strasbourg
78,Marc Leroy,Commercial,67790,14,4.7,M,Paris
79,Alice Dubois,Support,56090,25,3.0,F,Lyon
80,Hugo Petit,Finance,48077,1,3.3,M,Strasbourg
81,Jean Bernard,Support,43127,11,,M,Strasbourg
82,Maxime Richard,Marketing,61245,25,4.7,M,Lyon
83,Alice Vincent,Finance,62255,13,2.9,F,Lille
84,Lucas Petit,RH,42581,7,4.7,M,Paris
85,Thomas Fournier,RH,46640,5,3.3,M,Bordeaux
86,Jean Vincent,Engineering,58683,8,2.4,M,Strasbourg
87,Camille Moreau,Commercial,67693,5,3.1,F,Toulouse
88,Camille Vincent,RH,57758,14,3.2,F,Toulouse
89,Alice Durand,Commercial,72316,4,3.3,F,Strasbourg
90,Lucas Bertrand,RH,72812,15,3.6,M,Lyon
91,Pierre Roux,Direction,111590,0,3.7,M,Toulouse
92,Jean David,Support,39384,9,4.2,M,Paris
93,Julie Lefebvre,Marketing,89317,25,3.5,F,Lyon
94,Clara Bernard,Finance,81926,13,3.5,F,Toulouse
95,Alexandre Simon,Support,38161,1,3.3,M,Nantes
96,Julien Laurent,Marketing,63104,20,3.7,M,Toulouse
97,Camille Roux,Engineering,91358,20,1.7,F,Toulouse
98,Julien Laurent,Finance,76242,16,2.5,M,Lyon
99,Manon Bertrand,Commercial,52962,3,4.3,F,Strasbourg
100,Thomas Garcia,Engineering,60157,2,2.0,M,Lyon
101,Sophie Robert,RH,60708,4,3.0,F,Marseille
102,Manon Martin,Finance,50434,6,3.0,F,Toulouse
103,Chloé Vincent,Finance,79138,20,2.5,F,Strasbourg
104,Nicolas Richard,Direction,90582,8,2.8,M,Bordeaux
105,Marc Laurent,Finance,89128,14,4.0,M,Marseille
106,Marc Durand,Engineering,85807,1,4.3,M,Strasbourg
107,Thomas Roux,Support,40792,1,4.0,M,Marseille
108,Jean Lefebvre,RH,59918,24,4.2,M,Lille
109,Emma David,Finance,100094,24,4.1,F,Strasbourg
110,Hugo Bernard,Marketing,68499,21,4.3,M,Nantes
111,Hugo Laurent,Engineering,55780,10,3.0,M,Bordeaux
112,Maxime Garcia,Support,75272,21,3.2,M,Nantes
113,Alice Fournier,Commercial,67382,1,4.4,F,Lille
114,Nicolas Laurent,Finance,86582,9,4.8,M,Lyon
115,Chloé Garcia,Finance,75550,5,2.0,F,Marseille
116,Marc Petit,Finance,89973,15,4.3,M,Lille
117,Sophie Martin,RH,75979,20,2.3,F,Marseille
118,Emma Roux,RH,56018,1,3.1,F,Bordeaux
119,Camille Martin,Direction,79241,0,2.8,F,Lyon
120,Chloé Richard,RH,62035,22,2.6,F,Bordeaux
121,Alexandre Laurent,Commercial,74017,15,2.9,M,Lyon
122,Nicolas Richard,Commercial,38514,1,2.8,M,Marseille
123,Nicolas Laurent,RH,74747,20,3.3,M,Lyon
124,Pierre Fournier,Direction,109485,5,4.5,M,Bordeaux
125,Sophie Roux,Commercial,68928,11,2.7,F,Strasbourg
126,Pierre Petit,Marketing,52648,16,3.4,M,Lyon
127,Pierre Robert,Engineering,74839,15,4.1,M,Lille
128,Marie Thomas,Marketing,63274,4,4.2,F,Toulouse
129,Marc Dubois,RH,67060,22,,M,Nantes
130,Jean Bertrand,Commercial,51234,1,3.6,M,Paris
131,Pierre Thomas,Commercial,58529,6,3.4,M,Marseille
132,Alice Laurent,Finance,76334,5,3.3,F,Toulouse
133,Pierre Vincent,Direction,101730,0,4.0,M,Paris
134,Thomas Bertrand,Direction,124842,22,3.4,M,Marseille
135,Marc Laurent,RH,48244,13,5.0,M,Lyon
136,Hugo Laurent,Support,42337,9,5.0,M,Lille
137,Emma Garcia,Commercial,77808,23,2.5,F,Bordeaux
138,Camille Dubois,Direction,128019,25,,F,Marseille
139,Sophie Lefebvre,RH,60141,16,4.0,F,Lyon
140,Pierre Laurent,Marketing,54448,10,4.1,M,Nantes
141,Manon Leroy,Direction,140019,22,3.6,F,Nantes
142,Manon Bertrand,Finance,69312,4,2.1,F,Bordeaux
143,Marc Martin,Engineering,57342,23,2.6,M,Nantes
144,Julie Moreau,Commercial,46615,19,1.6,F,Strasbourg
145,Nicolas David,RH,53563,16,4.1,M,Paris
146,Lucas Garcia,Finance,61921,12,2.7,M,Marseille
147,Julie David,RH,44993,4,3.6,F,Strasbourg
148,Manon Roux,Direction,104858,5,2.5,F,Strasbourg
149,Alice Laurent,Direction,93982,9,5.0,F,Lille
150,Julien Lefebvre,Engineering,67987,13,3.9,M,Lille
151,Thomas Durand,Support,50767,9,4.1,M,Lille
152,Marie Garcia,Support,55875,13,,F,Bordeaux
153,Alice Martin,Finance,69831,12,4.3,F,Toulouse
154,Julie Fournier,Finance,81649,11,4.0,F,Lyon
155,Nicolas Leroy,Engineering,92956,9,3.7,M,Lyon
156,Alexandre Simon,Finance,61887,2,4.8,M,Nantes
157,Nicolas Bertrand,Direction,105334,9,3.8,M,Strasbourg
158,Jean Bertrand,Direction,108175,5,4.3,M,Strasbourg
159,Alice Bernard,Commercial,49729,6,4.2,F,Bordeaux
160,Léa Dubois,Support,46983,6,4.5,F,Bordeaux
161,Alice Durand,RH,40909,7,3.5,F,Strasbourg
162,Chloé Bernard,Marketing,45827,5,5.0,F,Bordeaux
163,Jean David,Direction,73320,0,3.2,M,Lyon
164,Léa Dubois,RH,72683,23,4.1,F,Lyon
165,Manon Dubois,Marketing,63495,19,3.0,F,Nantes
166,Lucas Petit,Marketing,44664,3,4.4,M,Strasbourg
167,Hugo Roux,Finance,91168,22,2.4,M,Bordeaux
168,Julien David,Support,47695,11,4.1,M,Paris
169,Thomas Leroy,Commercial,61254,12,2.5,M,Lyon
170,Hugo Lefebvre,Engineering,98898,12,4.6,M,Bordeaux
171,Nicolas Petit,Direction,130610,5,4.5,M,Nantes
172,Sophie David,RH,74997,23,2.6,F,Nantes
173,Marc Leroy,Commercial,47575,2,4.0,M,Strasbourg
174,Marc Garcia,Direction,96179,20,2.3,M,Bordeaux
175,Pierre Richard,Marketing,76689,16,3.2,M,Nantes
176,Manon David,Direction,93501,23,3.2,F,Lille
177,Pierre Michel,Finance,58159,5,4.0,M,Paris
178,Pierre Garcia,Marketing,61388,8,2.6,M,Nantes
179,Julie Dubois,Finance,76240,5,3.3,F,Strasbourg
180,Sophie Durand,Support,39411,6,2.7,F,Bordeaux
181,Chloé Robert,RH,58173,6,3.3,F,Nantes
182,Jean Moreau,Finance,71470,7,4.7,M,Lille
183,Sophie Martin,RH,62427,4,3.1,F,Nantes
184,Sophie Thomas,Commercial,35411,1,3.8,F,Strasbourg
185,Jean Leroy,Commercial,74549,19,3.3,M,Paris
186,Julie Bertrand,RH,63022,10,3.1,F,Lille
187,Julie Leroy,Engineering,50178,10,4.6,F,Lille
188,Emma Fournier,Direction,150010,24,2.4,F,Nantes
189,Manon Robert,Commercial,75933,21,,F,Marseille
190,Julie Garcia,RH,64152,3,3.7,F,Paris
191,Manon David,Engineering,93620,23,4.8,F,Marseille
192,Alice Vincent,Marketing,74014,18,4.4,F,Marseille
193,Thomas David,Support,44663,3,3.0,M,Nantes
194,Julien Robert,Engineering,64205,2,2.4,M,Strasbourg
195,Alice Martin,Finance,64417,1,2.9,F,Marseille
196,Nicolas Simon,Direction,115675,1,4.7,M,Nantes
197,Julie Durand,Direction,91579,12,4.2,F,Bordeaux
198,Pierre Moreau,RH,77333,25,4.7,M,Bordeaux
199,Julien Thomas,Direction,111645,11,4.2,M,Nantes
200,Léa Fournier,Marketing,61629,13,2.9,F,Lille
201,Marc David,Commercial,68274,20,3.2,M,Strasbourg
202,Nicolas Durand,Commercial,50349,13,3.6,M,Lyon
203,Maxime Michel,RH,49207,3,3.8,M,Lyon
204,Pierre Garcia,Marketing,62790,25,2.8,M,Lyon
205,Léa Vincent,Support,54174,14,3.8,F,Marseille
206,Alexandre Leroy,Direction,98102,21,2.8,M,Paris
207,Marc David,RH,69407,22,3.5,M,Bordeaux
208,Chloé Moreau,Engineering,50573,4,2.2,F,Paris
209,Jean Petit,RH,51755,20,4.4,M,Toulouse
210,Julie David,RH,36144,0,2.2,F,Strasbourg
211,Marie Garcia,Commercial,47137,7,3.6,F,Paris
212,Chloé David,Support,57107,18,,F,Bordeaux
213,Manon Bertrand,Commercial,82346,23,3.9,F,Paris
214,Alice Simon,Commercial,44475,2,2.7,F,Strasbourg
215,Manon Michel,Engineering,57845,5,3.2,F,Toulouse
216,Alice Garcia,Marketing,64703,9,4.0,F,Nantes
217,Manon Richard,Commercial,50229,6,3.3,F,Toulouse
218,Sophie Michel,RH,48849,9,3.1,F,Paris
219,Léa Richard,Marketing,44978,16,2.5,F,Lyon
220,Emma Simon,Direction,130133,11,4.0,F,Bordeaux
221,Jean Garcia,Direction,145340,14,4.9,M,Lyon
222,Maxime Thomas,Marketing,52650,20,3.3,M,Lille
223,Manon Bertrand,RH,71552,23,2.5,F,Lyon
224,Chloé Martin,Marketing,68879,25,4.6,F,Marseille
225,Chloé Laurent,Support,58490,21,2.1,F,Marseille
226,Chloé Garcia,Direction,131465,16,3.2,F,Paris
227,Maxime Dubois,Engineering,70356,10,3.6,M,Paris
228,Alexandre Bernard,Support,71852,22,3.7,M,Bordeaux
229,Léa Laurent,Engineering,89592,8,4.0,F,Toulouse
230,Léa Lefebvre,Direction,126364,6,4.1,F,Lille
231,Maxime Roux,Finance,49559,6,,M,Marseille
232,Camille Moreau,Support,52714,13,3.3,F,Paris
233,Clara Laurent,Engineering,75973,1,2.5,F,Paris
234,Alexandre Vincent,Support,66204,20,3.8,M,Toulouse
235,Alice Robert,Support,45806,12,3.0,F,Lille
236,Lucas Michel,Engineering,47451,2,4.4,M,Strasbourg
237,Julien Bertrand,RH,71111,18,4.2,M,Nantes
238,Chloé Richard,Marketing,58192,16,2.7,F,Marseille
239,Thomas Garcia,RH,54599,1,2.2,M,Nantes
240,Alice Moreau,Engineering,62536,16,4.9,F,Lille
241,Marie Robert,Marketing,66405,25,4.8,F,Toulouse
242,Marie Thomas,Commercial,40559,11,2.5,F,Strasbourg
243,Léa Lefebvre,RH,70064,23,4.2,F,Strasbourg
244,Julien Dubois,Direction,127153,19,4.4,M,Toulouse
245,Clara Bernard,Support,56553,14,4.3,F,Bordeaux
246,Maxime Dubois,Marketing,75150,19,2.6,M,Toulouse
247,Pierre Roux,Marketing,43249,0,4.2,M,Strasbourg
248,Chloé Vincent,Engineering,86914,15,2.2,F,Nantes
249,Maxime Simon,RH,47296,8,2.9,M,Marseille
250,Marc Moreau,RH,60972,21,3.3,M,Lille
251,Nicolas Lefebvre,Engineering,62056,10,3.4,M,Lyon
252,Alexandre Vincent,Marketing,65325,15,5.0,M,Lyon
253,Manon Roux,RH,47888,2,3.7,F,Bordeaux
254,Thomas Roux,Support,56841,25,5.0,M,Strasbourg
255,Marc Laurent,Commercial,66905,5,,M,Strasbourg
256,Alice Moreau,Support,35177,5,4.3,F,Strasbourg
257,Chloé Laurent,Direction,109579,20,3.4,F,Lyon
258,Sophie Robert,Support,68411,17,4.0,F,Toulouse
259,Léa Leroy,Direction,113574,22,4.2,F,Strasbourg
260,Marie Robert,Support,38349,0,3.4,F,Paris
261,Clara David,Direction,117736,12,3.3,F,Paris
262,Sophie Laurent,Direction,129944,12,3.2,F,Marseille
263,Pierre Garcia,Finance,59889,6,4.1,M,Lille
264,Camille Durand,RH,44915,11,,F,Toulouse
265,Sophie Leroy,Commercial,67601,16,2.9,F,Marseille
266,Pierre Robert,Finance,94800,18,2.6,M,Bordeaux
267,Maxime Fournier,Finance,79637,21,4.6,M,Paris
268,Chloé Michel,Finance,66706,3,3.1,F,Lille
269,Thomas Bernard,Finance,69246,13,2.9,M,Paris
270,Lucas Dubois,Marketing,44799,6,,M,Lyon
271,Marie Vincent,Direction,152914,20,3.5,F,Lille
272,Clara Durand,Engineering,90323,24,4.4,F,Lyon
273,Pierre Bernard,Engineering,71643,12,3.9,M,Strasbourg
274,Sophie Thomas,Support,38302,1,3.7,F,Nantes
275,Camille Fournier,Direction,127462,21,2.7,F,Lyon
276,Hugo Bertrand,Finance,57585,18,3.7,M,Lyon
277,Alexandre Robert,Support,47093,16,3.4,M,Toulouse
278,Jean Robert,Finance,81530,18,2.6,M,Lille
279,Marc David,Finance,68509,19,4.6,M,Marseille
280,Lucas Laurent,Marketing,58424,6,3.6,M,Lyon
281,Manon Fournier,Support,53145,10,3.2,F,Lille
282,Marie David,Marketing,54163,0,4.1,F,Strasbourg
283,Hugo Simon,Direction,113262,23,3.5,M,Paris
284,Maxime Thomas,Marketing,58394,9,,M,Lille
285,Thomas Petit,Finance,51473,5,4.2,M,Toulouse
286,Marc Leroy,Engineering,77752,0,4.9,M,Lyon
287,Nicolas Garcia,Marketing,72055,11,5.0,M,Nantes
288,Pierre Robert,Marketing,66503,25,2.7,M,Lille
289,Camille Bernard,Direction,130974,19,3.4,F,Toulouse
290,Julie Bertrand,Commercial,48672,15,3.9,F,Strasbourg
291,Marc Bertrand,RH,86853,24,2.8,M,Marseille
292,Clara David,Support,52272,15,4.2,F,Paris
293,Hugo Durand,RH,49594,6,1.8,M,Lille
294,Marc Dubois,Finance,68381,14,2.7,M,Paris
295,Chloé Garcia,RH,61000,13,3.2,F,Marseille
296,Sophie Laurent,Engineering,87347,9,4.2,F,Lyon
297,Pierre Thomas,Engineering,51349,11,3.7,M,Bordeaux
298,Camille Fournier,Marketing,81521,24,,F,Bordeaux
299,Emma Laurent,Direction,142611,12,3.5,F,Marseille
300,Thomas Petit,RH,55929,7,3.4,M,Strasbourg
301,Léa Dubois,Finance,63659,6,2.8,F,Paris
302,Nicolas Martin,RH,72155,25,3.9,M,Toulouse
303,Clara Moreau,Finance,63950,18,3.9,F,Lille
304,Chloé Petit,RH,48808,2,3.3,F,Lyon
305,Emma Dubois,Marketing,57279,3,4.0,F,Paris
306,Lucas Moreau,Marketing,50904,7,2.5,M,Strasbourg
307,Marc Simon,Direction,112831,13,4.1,M,Lyon
308,Marc Petit,Finance,83769,13,4.1,M,Marseille
309,Alice Petit,Commercial,75083,22,3.9,F,Lyon
310,Maxime Simon,Commercial,65630,15,3.5,M,Lyon
311,Léa Moreau,RH,80880,19,3.1,F,Nantes
312,Alexandre Thomas,RH,74807,22,3.8,M,Marseille
313,Sophie Petit,RH,73481,13,3.8,F,Lyon
314,Chloé Garcia,Marketing,45578,8,3.5,F,Paris
315,Chloé Simon,Support,53308,12,3.9,F,Marseille
316,Manon Garcia,Engineering,67067,2,3.5,F,Strasbourg
317,Julie Richard,Direction,106419,0,4.4,F,Marseille
318,Nicolas Robert,RH,51163,11,4.4,M,Toulouse
319,Maxime Thomas,RH,53478,22,4.9,M,Toulouse
320,Camille Petit,Engineering,60132,0,3.5,F,Lille
321,Thomas Thomas,Direction,94081,21,3.2,M,Lille
322,Alexandre Petit,Commercial,75129,12,3.7,M,Toulouse
323,Julie Martin,RH,59322,20,3.2,F,Bordeaux
324,Marie Dubois,Marketing,58331,13,3.6,F,Lyon
325,Nicolas Thomas,Commercial,81257,10,2.6,M,Marseille
326,Manon Dubois,Finance,61299,0,1.6,F,Nantes
327,Maxime Vincent,Support,31954,0,4.0,M,Nantes
328,Jean Robert,Finance,60157,15,3.1,M,Toulouse
329,Alexandre Garcia,Support,38458,10,3.6,M,Nantes
330,Marie Durand,Direction,106948,23,3.3,F,Paris
331,Thomas Fournier,Direction,109491,12,3.3,M,Strasbourg
332,Jean Robert,Marketing,42123,4,3.3,M,Toulouse
333,Lucas Garcia,Finance,68983,5,3.8,M,Bordeaux
334,Nicolas David,Engineering,66470,11,4.0,M,Strasbourg
335,Julie David,Engineering,90898,24,3.6,F,Marseille
336,Nicolas Lefebvre,RH,53124,9,1.7,M,Strasbourg
337,Hugo Petit,Marketing,43295,6,3.4,M,Nantes
338,Léa Lefebvre,RH,60103,9,2.7,F,Nantes
339,Lucas Vincent,Marketing,66631,6,3.7,M,Lille
340,Léa Bernard,Support,58579,12,2.2,F,Toulouse
341,Marie Robert,Finance,78382,19,,F,Marseille
342,Lucas Lefebvre,Support,55007,18,4.6,M,Toulouse
343,Lucas Leroy,Support,45810,9,4.3,M,Nantes
344,Pierre Vincent,Direction,106731,25,2.8,M,Toulouse
345,Emma Martin,Marketing,43595,15,3.2,F,Bordeaux
346,Marc Laurent,Marketing,60732,22,2.6,M,Lyon
347,Marc Petit,Engineering,78818,23,3.4,M,Nantes
348,Marc Dubois,Finance,54774,2,,M,Lille
349,Hugo David,Support,43179,24,3.5,M,Paris
350,Lucas Fournier,Commercial,65764,24,3.4,M,Lille
351,Léa Simon,Finance,81090,7,3.3,F,Lille
352,Jean Garcia,Direction,123488,22,,M,Marseille
353,Maxime Leroy,Support,62698,24,2.6,M,Strasbourg
354,Jean Simon,Engineering,68404,20,2.7,M,Lille
355,Alexandre David,RH,62911,23,1.8,M,Strasbourg
356,Lucas Moreau,Commercial,67273,6,4.3,M,Paris
357,Nicolas Roux,Direction,93331,14,4.4,M,Toulouse
358,Pierre Thomas,RH,65227,22,4.3,M,Lille
359,Camille Leroy,Support,61735,15,2.6,F,Strasbourg
360,Camille Vincent,Direction,89901,19,1.9,F,Nantes
361,Camille Durand,Finance,52018,3,2.9,F,Toulouse
362,Alexandre Laurent,Marketing,74391,10,4.4,M,Paris
363,Lucas Michel,Finance,81079,24,3.8,M,Toulouse
364,Maxime Garcia,Finance,71752,4,2.6,M,Toulouse
365,Julie Fournier,Finance,71544,4,3.6,F,Lille
366,Nicolas Vincent,RH,75275,20,3.3,M,Nantes
367,Julie Petit,Direction,142743,23,3.3,F,Marseille
368,Emma Richard,Engineering,74550,17,1.7,F,Strasbourg
369,Chloé Dubois,Commercial,70272,23,4.0,F,Nantes
370,Alice Bernard,Direction,113646,22,5.0,F,Marseille
371,Emma Robert,Marketing,63305,6,3.1,F,Lyon
372,Lucas Michel,Support,46722,5,2.9,M,Strasbourg
373,Pierre Bertrand,Support,52785,10,2.9,M,Paris
374,Manon Moreau,Support,66131,19,2.9,F,Nantes
375,Hugo Lefebvre,Finance,80208,20,3.7,M,Strasbourg
376,Jean Vincent,Commercial,71708,18,3.7,M,Lyon
377,Lucas David,Support,58943,22,3.7,M,Marseille
378,Lucas Roux,Direction,134520,17,3.7,M,Lyon
379,Thomas Thomas,Marketing,65458,19,2.8,M,Paris
380,Marc Dubois,Commercial,68635,8,3.7,M,Lyon
381,Clara Richard,RH,49815,21,4.4,F,Bordeaux
382,Julie Vincent,RH,72487,22,3.2,F,Lille
383,Pierre Bernard,Marketing,41442,1,4.5,M,Toulouse
384,Julie Fournier,RH,49367,2,1.8,F,Marseille
385,Nicolas Michel,Support,39393,4,3.2,M,Toulouse
386,Lucas Robert,Finance,68325,25,1.0,M,Toulouse
387,Maxime Thomas,Support,49014,17,5.0,M,Bordeaux
388,Nicolas Martin,Engineering,92785,12,4.4,M,Lyon
389,Marc Bertrand,Support,49771,9,4.1,M,Bordeaux
390,Jean Richard,Finance,73919,24,3.9,M,Nantes
391,Nicolas Martin,Support,58646,16,4.1,M,Bordeaux
392,Camille Fournier,RH,66017,22,4.3,F,Lille
393,Emma Michel,Commercial,94401,22,3.0,F,Bordeaux
394,Sophie Dubois,Engineering,65975,23,5.0,F,Paris
395,Clara David,Direction,127730,0,2.2,F,Strasbourg
396,Lucas Martin,Commercial,74089,6,3.4,M,Nantes
397,Camille Bertrand,Support,46744,19,4.4,F,Toulouse
398,Julie Bertrand,Finance,55674,1,5.0,F,Lille
399,Camille Roux,Direction,140430,24,2.9,F,Paris
400,Camille Moreau,Support,50604,16,3.6,F,Strasbourg
401,Marie Laurent,Engineering,76964,19,4.1,F,Marseille
402,Pierre Michel,RH,41374,6,4.0,M,Marseille
403,Marie Robert,Direction,105393,21,3.0,F,Marseille
404,Sophie Garcia,Support,42704,14,,F,Nantes
405,Pierre Petit,Finance,45600,1,3.4,M,Toulouse
406,Sophie Michel,RH,66470,17,3.7,F,Marseille
407,Clara Lefebvre,Marketing,67608,3,4.0,F,Paris
408,Jean Simon,RH,70663,19,4.0,M,Bordeaux
409,Lucas Durand,Commercial,62459,4,3.4,M,Bordeaux
410,Lucas Petit,RH,67401,22,3.9,M,Marseille
411,Thomas Thomas,Marketing,54036,12,4.3,M,Toulouse
412,Lucas Michel,Commercial,71927,9,3.1,M,Toulouse
413,Marie Bertrand,RH,46596,20,2.2,F,Nantes
414,Marc Bernard,Engineering,71220,1,4.9,M,Bordeaux
415,Lucas Richard,Finance,64791,15,3.6,M,Marseille
416,Alice Bertrand,Commercial,49589,11,3.6,F,Nantes
417,Marc Fournier,Engineering,68634,1,3.2,M,Strasbourg
418,Maxime Fournier,Finance,78794,9,3.1,M,Toulouse
419,Jean Robert,Marketing,61298,13,4.6,M,Lille
420,Sophie Michel,Engineering,81487,15,2.4,F,Paris
421,Julie Moreau,Engineering,71119,18,4.0,F,Strasbourg
422,Marc Garcia,Direction,113519,16,4.9,M,Nantes
423,Marc Martin,Marketing,63075,18,4.5,M,Strasbourg
424,Emma Durand,Finance,63018,22,,F,Toulouse
425,Nicolas Bernard,Support,47126,4,4.6,M,Paris
426,Thomas Roux,Engineering,69892,0,4.7,M,Lille
427,Julie Michel,Commercial,49352,9,4.1,F,Toulouse
428,Julie Leroy,Engineering,93520,17,2.1,F,Lyon
429,Emma Fournier,Commercial,67364,6,3.4,F,Nantes
430,Lucas Laurent,Marketing,48033,15,4.5,M,Marseille
431,Thomas Vincent,RH,55858,23,2.9,M,Nantes
432,Pierre Robert,Engineering,70865,13,5.0,M,Nantes
433,Jean Fournier,Engineering,65832,12,5.0,M,Paris
434,Nicolas Robert,Support,56090,19,3.6,M,Lyon
435,Sophie Petit,Marketing,78676,15,3.8,F,Strasbourg
436,Maxime Leroy,Support,52616,17,2.9,M,Lyon
437,Maxime Michel,Marketing,62365,0,3.1,M,Bordeaux
438,Sophie David,Marketing,46105,3,3.7,F,Bordeaux
439,Sophie Laurent,Engineering,68672,1,2.4,F,Nantes
440,Alice Moreau,Finance,52486,3,3.3,F,Lille
441,Jean Robert,Direction,91751,20,2.2,M,Strasbourg
442,Alexandre Michel,Support,37044,8,4.0,M,Marseille
443,Léa Simon,RH,65142,13,2.6,F,Marseille
444,Lucas Michel,Commercial,67361,15,2.8,M,Toulouse
445,Clara Vincent,Direction,134503,22,4.1,F,Toulouse
446,Julien Roux,RH,60103,4,3.9,M,Lille
447,Nicolas Garcia,Marketing,88175,17,3.6,M,Paris
448,Marc Lefebvre,Support,39834,0,5.0,M,Paris
449,Hugo Fournier,Direction,76137,5,3.8,M,Nantes
450,Hugo Robert,Support,52668,16,3.7,M,Nantes
451,Marie Moreau,Engineering,49150,4,,F,Marseille
452,Manon Roux,Support,51641,8,3.2,F,Toulouse
453,Nicolas Dubois,Commercial,76663,12,3.8,M,Toulouse
454,Hugo David,Finance,89011,20,4.6,M,Marseille
455,Chloé Petit,Finance,46242,3,3.6,F,Toulouse
456,Pierre Petit,Commercial,60748,0,2.8,M,Toulouse
457,Thomas Leroy,Engineering,85434,18,3.6,M,Lille
458,Marie Laurent,Direction,136526,9,3.3,F,Lille
459,Julie Thomas,Finance,84424,13,2.1,F,Paris
460,Manon Vincent,Direction,88059,1,3.5,F,Strasbourg
461,Thomas Petit,Direction,135899,21,4.6,M,Lille
462,Julien Moreau,Finance,87645,19,5.0,M,Nantes
463,Marc Vincent,Support,37380,15,3.6,M,Lyon
464,Léa Richard,Finance,47768,5,2.8,F,Lille
465,Hugo Leroy,RH,61141,8,,M,Strasbourg
466,Chloé Michel,Direction,136979,19,2.6,F,Lille
467,Léa Dubois,Support,46518,13,4.4,F,Paris
468,Maxime Martin,Marketing,45694,3,2.6,M,Nantes
469,Lucas Garcia,Support,35869,2,2.1,M,Lyon
470,Lucas Michel,Marketing,54669,12,3.2,M,Strasbourg
471,Sophie Leroy,RH,49166,1,3.8,F,Paris
472,Marie Laurent,Direction,137988,13,3.9,F,Toulouse
473,Emma Leroy,Support,32267,5,2.9,F,Strasbourg
474,Nicolas Richard,Direction,76948,1,3.9,M,Lille
475,Julie Petit,Finance,70318,13,3.9,F,Nantes
476,Marie Roux,Direction,105145,19,1.5,F,Marseille
477,Marie Robert,RH,49751,4,3.8,F,Bordeaux
478,Hugo Robert,Support,53959,14,2.3,M,Paris
479,Lucas Roux,Direction,109637,5,3.6,M,Paris
480,Marie Moreau,Finance,78663,16,4.0,F,Strasbourg
481,Chloé Michel,Finance,79171,11,4.2,F,Marseille
482,Julie Roux,Commercial,57033,5,3.4,F,Nantes
483,Pierre Thomas,Engineering,71356,20,4.6,M,Lyon
484,Nicolas Michel,Marketing,65668,7,4.3,M,Lyon
485,Sophie Laurent,Direction,113262,14,3.1,F,Paris
486,Maxime Moreau,Finance,77366,21,2.2,M,Nantes
487,Lucas Bernard,Engineering,48595,0,4.1,M,Lille
488,Camille Roux,RH,54999,6,2.1,F,Paris
489,Julie Lefebvre,Support,38944,5,3.8,F,Marseille
490,Emma Roux,Marketing,47046,10,,F,Nantes
491,Jean Fournier,Support,53489,17,2.5,M,Marseille
492,Julie Durand,Support,40296,7,4.4,F,Toulouse
493,Emma Bernard,Finance,74979,2,2.8,F,Lyon
494,Pierre Robert,Finance,76053,8,2.7,M,Strasbourg
495,Lucas Thomas,RH,47932,25,3.8,M,Nantes
496,Manon Richard,Marketing,41412,9,3.4,F,Paris
497,Léa David,Commercial,65276,19,3.4,F,Toulouse
498,Maxime Bertrand,Direction,86438,4,,M,Toulouse
499,Thomas Dubois,Support,60864,22,1.5,M,Lille
500,Manon David,RH,81309,16,3.7,F,Bordeaux
