id,date,produit,categorie,region,montant,quantite
1,2024-05-20,Laptop Pro,Électronique,PACA,527.14,4
2,2024-10-06,Webcam HD,Électronique,PACA,351.72,2
3,2024-04-21,Laptop Pro,Électronique,Île-de-France,662.57,4
4,2024-11-28,Clé USB 64Go,Électronique,Auvergne-Rhône-Alpes,1398.08,9
5,2024-01-04,Atlas Monde,Livres,Nouvelle-Aquitaine,67.96,3
6,2024-04-20,Tasse Design,Maison,Auvergne-Rhône-Alpes,117.27,6
7,2024-06-25,Roman Policier,Livres,Nouvelle-Aquitaine,164.09,10
8,2024-10-01,Webcam HD,Électronique,Occitanie,443.55,2
9,2024-05-30,Roman Policier,Livres,Bretagne,253.51,10
10,2024-12-26,Cadre Photo,Maison,Auvergne-Rhône-Alpes,36.83,2
11,2024-04-29,Veste Sport,Vêtements,Île-de-France,90.37,2
12,2024-07-08,BD Manga,Livres,Auvergne-Rhône-Alpes,93.7,6
13,2024-11-21,Lampe LED,Maison,Bretagne,84.55,3
14,2024-07-13,Jean Slim,Vêtements,Occitanie,335.61,5
15,2024-04-27,Veste Sport,Vêtements,Île-de-France,60.48,1
16,2024-04-18,BD Manga,Livres,Île-de-France,252.2,10
17,2024-09-12,Coussin Déco,Maison,PACA,246.36,7
18,2024-03-12,Guide Python,Livres,Nouvelle-Aquitaine,93.31,4
19,2024-10-25,Cadre Photo,Maison,Occitanie,173.18,7
20,2024-02-16,Écharpe Laine,Vêtements,Occitanie,62.5,1
21,2024-08-04,Jean Slim,Vêtements,PACA,337.87,10
22,2024-09-27,Atlas Monde,Livres,Occitanie,132.92,5
23,2024-02-28,Webcam HD,Électronique,PACA,1755.95,9
24,2024-08-10,Lampe LED,Maison,Nouvelle-Aquitaine,79.72,3
25,2024-09-16,Cadre Photo,Maison,Auvergne-Rhône-Alpes,69.82,2
26,2024-04-11,Cadre Photo,Maison,Bretagne,74.93,3
27,2024-01-01,Écharpe Laine,Vêtements,Bretagne,431.7,10
28,2024-06-06,Laptop Pro,Électronique,Nouvelle-Aquitaine,447.8,4
29,2024-09-05,Laptop Pro,Électronique,PACA,444.72,2
30,2024-08-31,Jean Slim,Vêtements,PACA,337.0,9
31,2024-12-19,Guide Python,Livres,Bretagne,91.47,4
32,2024-09-21,BD Manga,Livres,Occitanie,114.74,8
33,2024-01-11,T-shirt Coton,Vêtements,Nouvelle-Aquitaine,514.41,10
34,2024-12-28,T-shirt Coton,Vêtements,Île-de-France,39.74,1
35,2024-09-20,Casque Audio,Électronique,Île-de-France,553.67,4
36,2024-03-08,Guide Python,Livres,Bretagne,208.97,10
37,2024-04-07,Sneakers Urban,Vêtements,Occitanie,69.98,2
38,2024-07-29,BD Manga,Livres,Occitanie,200.31,8
39,2024-11-26,Webcam HD,Électronique,PACA,224.55,2
40,2024-04-08,Lampe LED,Maison,Auvergne-Rhône-Alpes,112.9,4
41,2024-05-22,Sneakers Urban,Vêtements,Auvergne-Rhône-Alpes,323.94,8
42,2024-02-20,Tablette 10,Électronique,Bretagne,183.26,1
43,2024-03-26,Laptop Pro,Électronique,Auvergne-Rhône-Alpes,1142.94,7
44,2024-03-25,Sneakers Urban,Vêtements,Île-de-France,221.04,7
45,2024-05-26,BD Manga,Livres,Occitanie,158.42,7
46,2024-05-31,Guide Python,Livres,Auvergne-Rhône-Alpes,106.2,4
47,2024-01-30,Webcam HD,Électronique,Nouvelle-Aquitaine,175.1,1
48,2024-02-11,T-shirt Coton,Vêtements,Bretagne,101.9,3
49,2024-07-25,Webcam HD,Électronique,Auvergne-Rhône-Alpes,435.98,2
50,2024-01-21,Écharpe Laine,Vêtements,Bretagne,344.51,10
51,2024-12-08,Tasse Design,Maison,Auvergne-Rhône-Alpes,133.64,6
52,2024-11-26,Guide Python,Livres,PACA,95.92,5
53,2024-11-14,Laptop Pro,Électronique,Occitanie,2245.32,10
54,2024-09-16,Clé USB 64Go,Électronique,Auvergne-Rhône-Alpes,604.47,5
55,2024-07-08,Lampe LED,Maison,Auvergne-Rhône-Alpes,103.27,5
56,2024-09-27,Cadre Photo,Maison,PACA,30.86,1
57,2024-05-15,Lampe LED,Maison,Auvergne-Rhône-Alpes,70.59,2
58,2024-11-05,Veste Sport,Vêtements,Nouvelle-Aquitaine,229.34,4
59,2024-09-07,Veste Sport,Vêtements,Bretagne,320.46,5
60,2024-08-04,Laptop Pro,Électronique,PACA,551.45,5
61,2024-05-14,Coussin Déco,Maison,PACA,96.97,3
62,2024-02-27,Atlas Monde,Livres,Île-de-France,52.42,2
63,2024-07-08,Écharpe Laine,Vêtements,Île-de-France,513.91,10
64,2024-06-06,Guide Python,Livres,Île-de-France,153.27,6
65,2024-12-15,Casque Audio,Électronique,Auvergne-Rhône-Alpes,740.13,4
66,2024-11-13,Cadre Photo,Maison,Occitanie,108.05,3
67,2024-07-30,Jean Slim,Vêtements,Auvergne-Rhône-Alpes,37.96,1
68,2024-05-07,Plante Verte,Maison,PACA,103.42,5
69,2024-08-28,Tablette 10,Électronique,Île-de-France,515.79,4
70,2024-04-26,BD Manga,Livres,Nouvelle-Aquitaine,51.76,4
71,2024-05-22,Sneakers Urban,Vêtements,Nouvelle-Aquitaine,132.62,2
72,2024-09-17,Tasse Design,Maison,PACA,217.63,7
73,2024-05-13,Lampe LED,Maison,Île-de-France,87.34,3
74,2024-11-01,Lampe LED,Maison,Île-de-France,170.9,7
75,2024-09-18,Plante Verte,Maison,Bretagne,50.41,2
76,2024-12-28,Veste Sport,Vêtements,Île-de-France,220.93,7
77,2024-02-05,Veste Sport,Vêtements,Occitanie,323.6,6
78,2024-09-16,Webcam HD,Électronique,Nouvelle-Aquitaine,925.14,5
79,2024-05-31,Plante Verte,Maison,PACA,180.41,9
80,2024-03-30,Livre Cuisine,Livres,PACA,207.95,10
81,2024-06-04,Atlas Monde,Livres,Île-de-France,78.13,5
82,2024-08-14,Plante Verte,Maison,Occitanie,110.89,4
83,2024-09-20,T-shirt Coton,Vêtements,Nouvelle-Aquitaine,435.67,10
84,2024-04-11,Veste Sport,Vêtements,Auvergne-Rhône-Alpes,97.14,3
85,2024-02-07,Sneakers Urban,Vêtements,Bretagne,371.36,8
86,2024-07-23,Sneakers Urban,Vêtements,Occitanie,147.25,4
87,2024-04-22,Laptop Pro,Électronique,Occitanie,604.48,3
88,2024-05-07,Roman Policier,Livres,Bretagne,38.35,2
89,2024-10-31,Atlas Monde,Livres,Bretagne,157.68,6
90,2024-09-15,Atlas Monde,Livres,PACA,171.92,7
91,2024-08-31,Guide Python,Livres,PACA,130.66,8
92,2024-09-05,Veste Sport,Vêtements,Bretagne,165.54,4
93,2024-04-30,Webcam HD,Électronique,Nouvelle-Aquitaine,726.51,5
94,2024-04-28,Smartphone X,Électronique,Auvergne-Rhône-Alpes,1317.92,7
95,2024-07-27,T-shirt Coton,Vêtements,Occitanie,306.2,6
96,2024-08-03,Roman Policier,Livres,Auvergne-Rhône-Alpes,179.41,7
97,2024-09-01,Clé USB 64Go,Électronique,Occitanie,218.13,1
98,2024-10-02,Plante Verte,Maison,Occitanie,301.48,9
99,2024-05-19,Sneakers Urban,Vêtements,Auvergne-Rhône-Alpes,342.88,7
100,2024-12-13,BD Manga,Livres,PACA,161.2,7
101,2024-09-30,Guide Python,Livres,Bretagne,25.66,1
102,2024-08-07,Laptop Pro,Électronique,PACA,627.07,3
103,2024-07-13,T-shirt Coton,Vêtements,Nouvelle-Aquitaine,234.72,6
104,2024-05-22,Tasse Design,Maison,Occitanie,157.82,7
105,2024-10-03,Tablette 10,Électronique,Île-de-France,224.99,1
106,2024-02-05,Coussin Déco,Maison,PACA,32.58,1
107,2024-11-14,Jean Slim,Vêtements,Île-de-France,120.26,3
108,2024-04-21,Roman Policier,Livres,Bretagne,181.38,8
109,2024-11-06,Coussin Déco,Maison,Bretagne,66.11,2
110,2024-10-23,Veste Sport,Vêtements,Île-de-France,64.94,1
111,2024-04-11,Livre Cuisine,Livres,PACA,42.25,2
112,2024-06-03,T-shirt Coton,Vêtements,PACA,604.99,10
113,2024-08-07,Casque Audio,Électronique,Bretagne,679.65,6
114,2024-09-07,Lampe LED,Maison,Occitanie,52.34,2
115,2024-03-19,Plante Verte,Maison,PACA,147.16,7
116,2024-09-04,Cadre Photo,Maison,Bretagne,209.69,8
117,2024-02-14,Tasse Design,Maison,Auvergne-Rhône-Alpes,175.66,5
118,2024-11-08,Sneakers Urban,Vêtements,Bretagne,305.27,7
119,2024-09-06,BD Manga,Livres,Auvergne-Rhône-Alpes,70.84,4
120,2024-11-01,Tasse Design,Maison,Nouvelle-Aquitaine,143.08,5
121,2024-07-27,T-shirt Coton,Vêtements,Auvergne-Rhône-Alpes,411.89,8
122,2024-12-30,Sneakers Urban,Vêtements,PACA,381.07,8
123,2024-04-23,Laptop Pro,Électronique,Nouvelle-Aquitaine,1316.1,7
124,2024-08-30,Cadre Photo,Maison,Nouvelle-Aquitaine,253.07,9
125,2024-06-29,Atlas Monde,Livres,Nouvelle-Aquitaine,132.01,8
126,2024-04-08,Coussin Déco,Maison,Île-de-France,119.35,6
127,2024-09-04,Jean Slim,Vêtements,Auvergne-Rhône-Alpes,287.93,5
128,2024-05-31,Lampe LED,Maison,Auvergne-Rhône-Alpes,98.87,4
129,2024-09-30,Lampe LED,Maison,PACA,68.96,3
130,2024-12-23,Clé USB 64Go,Électronique,Nouvelle-Aquitaine,544.63,3
131,2024-10-20,Roman Policier,Livres,Île-de-France,96.8,5
132,2024-01-27,BD Manga,Livres,Auvergne-Rhône-Alpes,130.76,5
133,2024-07-24,Roman Policier,Livres,Île-de-France,109.33,8
134,2024-10-15,Smartphone X,Électronique,Auvergne-Rhône-Alpes,576.11,5
135,2024-08-01,T-shirt Coton,Vêtements,Bretagne,529.61,10
136,2024-08-18,Écharpe Laine,Vêtements,Occitanie,337.64,8
137,2024-11-13,BD Manga,Livres,Bretagne,21.38,1
138,2024-04-18,Smartphone X,Électronique,PACA,921.26,5
139,2024-10-09,Jean Slim,Vêtements,Auvergne-Rhône-Alpes,74.27,2
140,2024-10-31,Livre Cuisine,Livres,PACA,134.35,8
141,2024-05-24,Veste Sport,Vêtements,PACA,272.5,8
142,2024-10-28,Veste Sport,Vêtements,PACA,187.22,4
143,2024-03-13,Jean Slim,Vêtements,Nouvelle-Aquitaine,67.29,2
144,2024-10-18,Cadre Photo,Maison,PACA,131.42,5
145,2024-07-25,BD Manga,Livres,PACA,99.03,5
146,2024-11-02,Livre Cuisine,Livres,Île-de-France,25.41,1
147,2024-01-14,Cadre Photo,Maison,Nouvelle-Aquitaine,44.16,2
148,2024-10-22,Webcam HD,Électronique,Nouvelle-Aquitaine,196.57,1
149,2024-11-29,Sneakers Urban,Vêtements,Bretagne,515.83,8
150,2024-11-21,Écharpe Laine,Vêtements,Occitanie,531.09,8
151,2024-06-19,BD Manga,Livres,Occitanie,133.5,6
152,2024-12-21,Veste Sport,Vêtements,Occitanie,335.01,8
153,2024-08-20,Atlas Monde,Livres,Île-de-France,34.26,2
154,2024-09-20,Lampe LED,Maison,Occitanie,30.65,1
155,2024-04-06,Livre Cuisine,Livres,Île-de-France,160.29,9
156,2024-04-14,Livre Cuisine,Livres,Île-de-France,102.54,5
157,2024-09-05,Plante Verte,Maison,PACA,36.15,2
158,2024-10-09,Jean Slim,Vêtements,Nouvelle-Aquitaine,51.38,1
159,2024-08-24,Smartphone X,Électronique,Île-de-France,365.45,2
160,2024-05-29,Sneakers Urban,Vêtements,PACA,512.05,9
161,2024-05-04,Livre Cuisine,Livres,Occitanie,164.31,8
162,2024-09-17,Guide Python,Livres,Bretagne,75.13,3
163,2024-09-16,Plante Verte,Maison,Nouvelle-Aquitaine,169.55,5
164,2024-10-23,Tasse Design,Maison,Bretagne,278.44,8
165,2024-06-25,Atlas Monde,Livres,Occitanie,123.29,6
166,2024-04-06,Livre Cuisine,Livres,Nouvelle-Aquitaine,83.34,4
167,2024-06-11,Sneakers Urban,Vêtements,Île-de-France,455.11,8
168,2024-11-29,Livre Cuisine,Livres,PACA,59.2,3
169,2024-10-29,Smartphone X,Électronique,Bretagne,1256.18,6
170,2024-08-21,Roman Policier,Livres,Bretagne,23.0,1
171,2024-08-28,Guide Python,Livres,Île-de-France,87.38,5
172,2024-12-11,Roman Policier,Livres,Nouvelle-Aquitaine,162.65,9
173,2024-01-19,Plante Verte,Maison,Bretagne,188.68,10
174,2024-02-16,Coussin Déco,Maison,PACA,259.47,7
175,2024-12-21,Tablette 10,Électronique,Auvergne-Rhône-Alpes,1067.05,5
176,2024-05-30,Casque Audio,Électronique,Île-de-France,899.89,6
177,2024-07-29,Jean Slim,Vêtements,Bretagne,560.45,10
178,2024-02-10,Jean Slim,Vêtements,Auvergne-Rhône-Alpes,628.5,10
179,2024-03-14,Sneakers Urban,Vêtements,Bretagne,192.41,4
180,2024-12-07,Plante Verte,Maison,Nouvelle-Aquitaine,35.48,1
181,2024-10-06,BD Manga,Livres,PACA,40.99,3
182,2024-11-23,Cadre Photo,Maison,Nouvelle-Aquitaine,219.14,7
183,2024-07-15,BD Manga,Livres,Auvergne-Rhône-Alpes,113.09,8
184,2024-10-21,Atlas Monde,Livres,Nouvelle-Aquitaine,134.47,5
185,2024-07-21,Lampe LED,Maison,PACA,88.31,5
186,2024-09-11,Clé USB 64Go,Électronique,PACA,990.44,5
187,2024-04-22,Écharpe Laine,Vêtements,Nouvelle-Aquitaine,215.41,4
188,2024-11-26,T-shirt Coton,Vêtements,PACA,42.62,1
189,2024-07-05,Roman Policier,Livres,Bretagne,41.69,3
190,2024-07-31,Tasse Design,Maison,PACA,64.55,3
191,2024-05-19,Cadre Photo,Maison,Bretagne,67.92,3
192,2024-06-22,BD Manga,Livres,PACA,38.69,2
193,2024-12-12,Smartphone X,Électronique,Auvergne-Rhône-Alpes,1547.51,7
194,2024-01-08,Lampe LED,Maison,Occitanie,141.16,5
195,2024-12-10,BD Manga,Livres,PACA,105.09,5
196,2024-04-29,Lampe LED,Maison,PACA,144.0,8
197,2024-11-27,Cadre Photo,Maison,Auvergne-Rhône-Alpes,60.42,2
198,2024-07-28,BD Manga,Livres,PACA,29.23,2
199,2024-02-29,Casque Audio,Électronique,Occitanie,266.35,2
200,2024-07-08,Sneakers Urban,Vêtements,Occitanie,419.3,9
201,2024-02-20,Sneakers Urban,Vêtements,PACA,429.31,8
202,2024-07-08,Lampe LED,Maison,PACA,105.47,4
203,2024-12-17,Veste Sport,Vêtements,Île-de-France,306.6,6
204,2024-05-21,Lampe LED,Maison,Occitanie,147.46,4
205,2024-04-18,Roman Policier,Livres,PACA,265.84,10
206,2024-03-05,Casque Audio,Électronique,Auvergne-Rhône-Alpes,1296.25,10
207,2024-04-29,Écharpe Laine,Vêtements,Auvergne-Rhône-Alpes,356.26,6
208,2024-03-07,Casque Audio,Électronique,Auvergne-Rhône-Alpes,1215.71,9
209,2024-01-14,T-shirt Coton,Vêtements,PACA,96.1,3
210,2024-01-09,Écharpe Laine,Vêtements,Nouvelle-Aquitaine,123.16,3
211,2024-02-28,Sneakers Urban,Vêtements,Bretagne,97.29,2
212,2024-02-25,Cadre Photo,Maison,Bretagne,220.61,8
213,2024-09-23,Webcam HD,Électronique,PACA,799.83,5
214,2024-07-24,Laptop Pro,Électronique,Occitanie,1311.32,7
215,2024-02-11,Livre Cuisine,Livres,Île-de-France,128.16,6
216,2024-11-15,Smartphone X,Électronique,Nouvelle-Aquitaine,1708.03,10
217,2024-09-28,Plante Verte,Maison,Bretagne,132.87,5
218,2024-02-28,Roman Policier,Livres,PACA,206.82,9
219,2024-04-26,Sneakers Urban,Vêtements,Occitanie,305.91,7
220,2024-02-18,Livre Cuisine,Livres,Occitanie,112.47,6
221,2024-12-17,Tasse Design,Maison,Auvergne-Rhône-Alpes,150.74,8
222,2024-02-19,Laptop Pro,Électronique,Occitanie,1214.47,6
223,2024-10-14,Clé USB 64Go,Électronique,Bretagne,1112.41,6
224,2024-08-04,BD Manga,Livres,PACA,26.54,1
225,2024-10-22,Tasse Design,Maison,Île-de-France,195.79,9
226,2024-06-28,Guide Python,Livres,Île-de-France,161.04,9
227,2024-08-07,Cadre Photo,Maison,Auvergne-Rhône-Alpes,332.92,9
228,2024-12-21,Clé USB 64Go,Électronique,PACA,542.37,5
229,2024-06-28,Tasse Design,Maison,Nouvelle-Aquitaine,21.13,1
230,2024-07-24,Écharpe Laine,Vêtements,PACA,73.21,2
231,2024-09-28,Laptop Pro,Électronique,PACA,600.57,4
232,2024-07-08,BD Manga,Livres,Auvergne-Rhône-Alpes,114.95,5
233,2024-03-21,Laptop Pro,Électronique,Auvergne-Rhône-Alpes,1109.71,10
234,2024-12-04,Casque Audio,Électronique,Occitanie,1142.96,7
235,2024-04-20,Livre Cuisine,Livres,Nouvelle-Aquitaine,128.15,9
236,2024-12-13,Roman Policier,Livres,Nouvelle-Aquitaine,196.08,10
237,2024-07-21,Lampe LED,Maison,Auvergne-Rhône-Alpes,185.96,10
238,2024-03-11,Veste Sport,Vêtements,Auvergne-Rhône-Alpes,209.6,5
239,2024-08-08,Laptop Pro,Électronique,Occitanie,361.51,3
240,2024-12-08,Écharpe Laine,Vêtements,Bretagne,204.57,6
241,2024-08-23,Tablette 10,Électronique,Île-de-France,416.91,2
242,2024-12-29,Atlas Monde,Livres,Occitanie,117.38,7
243,2024-03-28,Roman Policier,Livres,Nouvelle-Aquitaine,192.25,10
244,2024-02-24,Lampe LED,Maison,Occitanie,104.85,4
245,2024-07-21,Atlas Monde,Livres,Île-de-France,116.7,5
246,2024-02-09,Veste Sport,Vêtements,Auvergne-Rhône-Alpes,488.66,9
247,2024-11-26,Veste Sport,Vêtements,Nouvelle-Aquitaine,120.02,3
248,2024-03-29,Veste Sport,Vêtements,Auvergne-Rhône-Alpes,370.03,10
249,2024-09-09,Smartphone X,Électronique,PACA,1564.27,8
250,2024-11-21,Atlas Monde,Livres,PACA,172.54,10
251,2024-02-04,Coussin Déco,Maison,Occitanie,210.75,8
252,2024-01-29,Tasse Design,Maison,Bretagne,165.88,6
253,2024-01-20,Plante Verte,Maison,Occitanie,24.87,1
254,2024-02-16,Lampe LED,Maison,PACA,293.82,10
255,2024-10-10,Livre Cuisine,Livres,Bretagne,19.08,1
256,2024-08-31,Veste Sport,Vêtements,Bretagne,332.38,9
257,2024-06-24,Tablette 10,Électronique,Île-de-France,331.09,2
258,2024-12-28,T-shirt Coton,Vêtements,Auvergne-Rhône-Alpes,537.4,8
259,2024-05-24,Veste Sport,Vêtements,Nouvelle-Aquitaine,323.51,7
260,2024-11-19,Cadre Photo,Maison,Île-de-France,112.91,6
261,2024-07-16,Clé USB 64Go,Électronique,PACA,676.2,5
262,2024-10-25,Veste Sport,Vêtements,Île-de-France,193.51,3
263,2024-10-31,Plante Verte,Maison,Auvergne-Rhône-Alpes,47.38,2
264,2024-12-09,BD Manga,Livres,Auvergne-Rhône-Alpes,125.51,9
265,2024-01-10,Atlas Monde,Livres,Nouvelle-Aquitaine,102.29,6
266,2024-04-08,Veste Sport,Vêtements,Occitanie,270.0,4
267,2024-02-21,T-shirt Coton,Vêtements,Nouvelle-Aquitaine,533.26,9
268,2024-11-12,Webcam HD,Électronique,Nouvelle-Aquitaine,530.01,3
269,2024-12-20,Jean Slim,Vêtements,Auvergne-Rhône-Alpes,606.26,10
270,2024-07-29,Sneakers Urban,Vêtements,Île-de-France,335.09,6
271,2024-05-25,Sneakers Urban,Vêtements,Bretagne,319.39,8
272,2024-04-09,Veste Sport,Vêtements,Occitanie,335.51,6
273,2024-07-14,Livre Cuisine,Livres,Nouvelle-Aquitaine,181.76,9
274,2024-03-11,Jean Slim,Vêtements,Bretagne,166.89,5
275,2024-02-22,BD Manga,Livres,Bretagne,223.71,9
276,2024-05-19,Lampe LED,Maison,Auvergne-Rhône-Alpes,284.85,8
277,2024-04-23,Sneakers Urban,Vêtements,Île-de-France,506.77,8
278,2024-07-21,Tablette 10,Électronique,Île-de-France,1348.88,9
279,2024-04-24,Roman Policier,Livres,Nouvelle-Aquitaine,17.19,1
280,2024-06-20,Webcam HD,Électronique,PACA,364.54,3
281,2024-03-12,Plante Verte,Maison,PACA,211.78,8
282,2024-05-11,Laptop Pro,Électronique,Île-de-France,820.78,4
283,2024-05-01,Roman Policier,Livres,Nouvelle-Aquitaine,71.77,5
284,2024-11-14,Sneakers Urban,Vêtements,PACA,270.09,8
285,2024-01-09,Atlas Monde,Livres,Bretagne,187.93,9
286,2024-01-01,Veste Sport,Vêtements,Occitanie,442.01,10
287,2024-12-08,Guide Python,Livres,PACA,40.28,2
288,2024-10-05,Lampe LED,Maison,Bretagne,299.05,9
289,2024-01-23,Tablette 10,Électronique,Occitanie,1559.07,7
290,2024-02-04,Lampe LED,Maison,Nouvelle-Aquitaine,133.94,6
291,2024-06-19,Clé USB 64Go,Électronique,PACA,330.96,3
292,2024-08-25,Coussin Déco,Maison,PACA,241.08,8
293,2024-08-22,T-shirt Coton,Vêtements,PACA,42.06,1
294,2024-06-10,Smartphone X,Électronique,Île-de-France,834.23,5
295,2024-11-27,BD Manga,Livres,Île-de-France,66.88,4
296,2024-05-19,Webcam HD,Électronique,Nouvelle-Aquitaine,401.84,2
297,2024-08-13,Livre Cuisine,Livres,PACA,122.37,7
298,2024-09-11,Sneakers Urban,Vêtements,PACA,388.65,6
299,2024-08-05,Lampe LED,Maison,PACA,52.22,2
300,2024-06-13,Écharpe Laine,Vêtements,Nouvelle-Aquitaine,68.76,2
301,2024-11-04,Tasse Design,Maison,Occitanie,145.83,7
302,2024-01-22,BD Manga,Livres,Occitanie,128.72,6
303,2024-01-30,BD Manga,Livres,PACA,44.53,2
304,2024-12-13,BD Manga,Livres,Bretagne,78.96,3
305,2024-08-12,Écharpe Laine,Vêtements,PACA,36.04,1
306,2024-07-15,Veste Sport,Vêtements,Nouvelle-Aquitaine,326.66,10
307,2024-07-09,Sneakers Urban,Vêtements,Nouvelle-Aquitaine,471.77,8
308,2024-07-22,Écharpe Laine,Vêtements,Nouvelle-Aquitaine,329.31,6
309,2024-04-05,T-shirt Coton,Vêtements,Île-de-France,401.11,8
310,2024-12-26,Casque Audio,Électronique,Nouvelle-Aquitaine,1045.99,8
311,2024-03-03,Plante Verte,Maison,Auvergne-Rhône-Alpes,103.67,3
312,2024-08-15,Guide Python,Livres,PACA,48.54,2
313,2024-02-03,Tasse Design,Maison,PACA,255.09,9
314,2024-12-29,Coussin Déco,Maison,PACA,100.12,3
315,2024-03-12,T-shirt Coton,Vêtements,Auvergne-Rhône-Alpes,239.81,4
316,2024-10-20,Casque Audio,Électronique,Bretagne,966.53,6
317,2024-02-03,Écharpe Laine,Vêtements,Île-de-France,229.17,5
318,2024-07-28,Atlas Monde,Livres,Occitanie,136.62,10
319,2024-08-26,Lampe LED,Maison,Occitanie,219.51,9
320,2024-09-14,Jean Slim,Vêtements,Occitanie,61.43,1
321,2024-03-23,Veste Sport,Vêtements,Auvergne-Rhône-Alpes,390.9,6
322,2024-05-25,Veste Sport,Vêtements,Bretagne,81.04,2
323,2024-06-04,Coussin Déco,Maison,PACA,281.7,10
324,2024-03-19,Écharpe Laine,Vêtements,Bretagne,165.64,3
325,2024-01-15,Cadre Photo,Maison,Île-de-France,36.82,2
326,2024-08-01,Coussin Déco,Maison,Bretagne,302.8,10
327,2024-11-24,Atlas Monde,Livres,Nouvelle-Aquitaine,97.77,5
328,2024-02-07,BD Manga,Livres,Occitanie,14.88,1
329,2024-04-14,Livre Cuisine,Livres,Occitanie,128.02,6
330,2024-06-25,Tasse Design,Maison,PACA,140.81,7
331,2024-02-24,Cadre Photo,Maison,Bretagne,134.01,6
332,2024-05-06,Casque Audio,Électronique,Occitanie,349.85,3
333,2024-08-02,Plante Verte,Maison,Bretagne,147.01,4
334,2024-06-09,Veste Sport,Vêtements,Bretagne,235.89,4
335,2024-09-12,Atlas Monde,Livres,Occitanie,98.81,5
336,2024-08-22,Tablette 10,Électronique,Bretagne,523.27,4
337,2024-05-24,Lampe LED,Maison,Île-de-France,235.6,8
338,2024-01-05,BD Manga,Livres,Bretagne,37.61,2
339,2024-07-06,Tasse Design,Maison,Occitanie,25.51,1
340,2024-05-27,Veste Sport,Vêtements,Bretagne,90.82,2
341,2024-11-15,Atlas Monde,Livres,Nouvelle-Aquitaine,143.11,10
342,2024-06-22,Tablette 10,Électronique,Nouvelle-Aquitaine,1959.06,9
343,2024-09-17,Jean Slim,Vêtements,Bretagne,346.52,7
344,2024-06-19,Laptop Pro,Électronique,Auvergne-Rhône-Alpes,1338.56,8
345,2024-03-12,Écharpe Laine,Vêtements,Bretagne,390.18,6
346,2024-11-11,Coussin Déco,Maison,Occitanie,146.87,5
347,2024-08-31,Atlas Monde,Livres,Nouvelle-Aquitaine,17.9,1
348,2024-06-06,Tablette 10,Électronique,Bretagne,176.63,1
349,2024-04-26,Cadre Photo,Maison,Bretagne,29.17,1
350,2024-11-13,Écharpe Laine,Vêtements,PACA,257.74,7
351,2024-12-24,T-shirt Coton,Vêtements,Bretagne,76.74,2
352,2024-03-18,BD Manga,Livres,Occitanie,157.8,7
353,2024-08-29,Atlas Monde,Livres,Bretagne,22.76,1
354,2024-12-05,Écharpe Laine,Vêtements,Nouvelle-Aquitaine,403.34,8
355,2024-09-29,Coussin Déco,Maison,Occitanie,170.55,6
356,2024-04-08,Cadre Photo,Maison,Occitanie,92.32,4
357,2024-05-27,Coussin Déco,Maison,Nouvelle-Aquitaine,125.22,4
358,2024-06-27,BD Manga,Livres,Occitanie,234.41,9
359,2024-10-20,Tasse Design,Maison,Île-de-France,225.84,9
360,2024-05-28,BD Manga,Livres,Auvergne-Rhône-Alpes,16.74,1
361,2024-12-01,Casque Audio,Électronique,Occitanie,973.4,5
362,2024-05-18,Jean Slim,Vêtements,Bretagne,509.06,9
363,2024-10-27,T-shirt Coton,Vêtements,Bretagne,160.91,4
364,2024-02-21,Jean Slim,Vêtements,Île-de-France,303.73,7
365,2024-03-11,Roman Policier,Livres,PACA,26.49,1
366,2024-08-31,Sneakers Urban,Vêtements,PACA,439.36,8
367,2024-11-26,Tasse Design,Maison,Nouvelle-Aquitaine,35.66,1
368,2024-04-28,Webcam HD,Électronique,Bretagne,1742.78,9
369,2024-03-31,Smartphone X,Électronique,Occitanie,224.66,1
370,2024-05-28,Livre Cuisine,Livres,Auvergne-Rhône-Alpes,12.73,1
371,2024-08-20,Casque Audio,Électronique,Nouvelle-Aquitaine,1511.26,9
372,2024-05-19,Écharpe Laine,Vêtements,Occitanie,242.47,4
373,2024-08-22,Coussin Déco,Maison,PACA,159.36,5
374,2024-05-31,Webcam HD,Électronique,Nouvelle-Aquitaine,1859.28,10
375,2024-11-23,Jean Slim,Vêtements,Bretagne,428.9,7
376,2024-12-08,Lampe LED,Maison,Occitanie,42.39,2
377,2024-05-07,Sneakers Urban,Vêtements,Nouvelle-Aquitaine,40.89,1
378,2024-06-17,Sneakers Urban,Vêtements,Nouvelle-Aquitaine,262.34,5
379,2024-07-03,Casque Audio,Électronique,PACA,449.82,4
380,2024-03-22,Tablette 10,Électronique,Nouvelle-Aquitaine,1311.3,7
381,2024-05-31,Lampe LED,Maison,PACA,178.76,6
382,2024-03-19,Jean Slim,Vêtements,Occitanie,467.35,8
383,2024-10-08,Plante Verte,Maison,PACA,261.18,8
384,2024-11-01,Jean Slim,Vêtements,PACA,100.84,2
385,2024-02-27,Lampe LED,Maison,Bretagne,34.08,1
386,2024-03-17,Écharpe Laine,Vêtements,Bretagne,129.94,3
387,2024-04-15,Roman Policier,Livres,PACA,196.39,10
388,2024-03-08,Roman Policier,Livres,Occitanie,167.24,9
389,2024-12-10,Clé USB 64Go,Électronique,Occitanie,958.97,5
390,2024-04-21,BD Manga,Livres,Île-de-France,136.52,10
391,2024-02-02,BD Manga,Livres,PACA,242.24,9
392,2024-05-26,Tablette 10,Électronique,Île-de-France,886.18,7
393,2024-07-14,Sneakers Urban,Vêtements,Nouvelle-Aquitaine,502.45,8
394,2024-12-15,Livre Cuisine,Livres,Île-de-France,130.64,9
395,2024-10-02,Lampe LED,Maison,Auvergne-Rhône-Alpes,196.54,7
396,2024-06-01,T-shirt Coton,Vêtements,Île-de-France,445.97,8
397,2024-04-27,Atlas Monde,Livres,Occitanie,76.93,4
398,2024-02-27,Veste Sport,Vêtements,Auvergne-Rhône-Alpes,60.64,1
399,2024-05-03,Atlas Monde,Livres,Île-de-France,54.28,4
400,2024-12-10,Tablette 10,Électronique,Bretagne,134.37,1
401,2024-04-29,Tablette 10,Électronique,Occitanie,1179.65,9
402,2024-05-28,Smartphone X,Électronique,Bretagne,811.58,4
403,2024-12-10,Cadre Photo,Maison,Bretagne,133.43,6
404,2024-07-30,Écharpe Laine,Vêtements,Auvergne-Rhône-Alpes,207.03,5
405,2024-09-10,Sneakers Urban,Vêtements,Bretagne,66.5,1
406,2024-12-22,Atlas Monde,Livres,Nouvelle-Aquitaine,129.35,7
407,2024-10-02,Plante Verte,Maison,Auvergne-Rhône-Alpes,178.55,8
408,2024-03-14,Veste Sport,Vêtements,PACA,515.45,8
409,2024-09-28,Livre Cuisine,Livres,Bretagne,54.58,3
410,2024-11-27,Coussin Déco,Maison,Nouvelle-Aquitaine,71.89,2
411,2024-04-07,Lampe LED,Maison,Bretagne,22.87,1
412,2024-10-27,Laptop Pro,Électronique,Auvergne-Rhône-Alpes,1179.38,9
413,2024-01-08,Veste Sport,Vêtements,Nouvelle-Aquitaine,260.95,4
414,2024-05-04,Webcam HD,Électronique,Occitanie,1894.52,10
415,2024-06-13,Guide Python,Livres,Bretagne,90.41,5
416,2024-07-03,Tasse Design,Maison,Nouvelle-Aquitaine,316.41,9
417,2024-08-28,Roman Policier,Livres,PACA,154.6,6
418,2024-01-24,Tasse Design,Maison,Occitanie,347.82,10
419,2024-10-10,T-shirt Coton,Vêtements,Nouvelle-Aquitaine,523.49,10
420,2024-04-10,BD Manga,Livres,Auvergne-Rhône-Alpes,95.47,6
421,2024-12-01,Sneakers Urban,Vêtements,Bretagne,244.58,6
422,2024-03-27,Livre Cuisine,Livres,Occitanie,90.22,6
423,2024-11-24,Guide Python,Livres,Bretagne,20.14,1
424,2024-01-04,Webcam HD,Électronique,Île-de-France,850.49,7
425,2024-03-18,T-shirt Coton,Vêtements,PACA,39.37,1
426,2024-11-12,BD Manga,Livres,Île-de-France,257.44,10
427,2024-09-29,Roman Policier,Livres,Île-de-France,166.71,9
428,2024-05-20,Clé USB 64Go,Électronique,PACA,2000.68,9
429,2024-12-11,Clé USB 64Go,Électronique,PACA,1412.18,7
430,2024-09-25,T-shirt Coton,Vêtements,Île-de-France,120.52,3
431,2024-07-22,Tasse Design,Maison,Nouvelle-Aquitaine,49.92,2
432,2024-05-04,Livre Cuisine,Livres,Bretagne,67.68,4
433,2024-01-17,Webcam HD,Électronique,PACA,307.27,2
434,2024-01-29,Atlas Monde,Livres,Occitanie,22.72,1
435,2024-11-26,Tablette 10,Électronique,Occitanie,1037.42,6
436,2024-04-27,Clé USB 64Go,Électronique,Île-de-France,852.61,4
437,2024-02-08,BD Manga,Livres,Île-de-France,127.75,5
438,2024-01-09,Smartphone X,Électronique,Nouvelle-Aquitaine,701.78,4
439,2024-03-24,Roman Policier,Livres,Nouvelle-Aquitaine,160.63,10
440,2024-07-15,Atlas Monde,Livres,Nouvelle-Aquitaine,71.95,3
441,2024-06-26,Clé USB 64Go,Électronique,PACA,116.72,1
442,2024-11-05,T-shirt Coton,Vêtements,Nouvelle-Aquitaine,658.75,10
443,2024-11-20,BD Manga,Livres,Île-de-France,119.42,5
444,2024-07-01,Livre Cuisine,Livres,Auvergne-Rhône-Alpes,235.37,9
445,2024-10-26,Guide Python,Livres,PACA,96.84,7
446,2024-02-07,Coussin Déco,Maison,PACA,45.72,2
447,2024-07-18,Guide Python,Livres,PACA,106.76,6
448,2024-08-15,Laptop Pro,Électronique,Nouvelle-Aquitaine,1178.17,6
449,2024-04-05,Smartphone X,Électronique,Île-de-France,1112.03,7
450,2024-02-15,Roman Policier,Livres,Île-de-France,123.48,6
451,2024-05-29,Plante Verte,Maison,Île-de-France,176.79,7
452,2024-05-04,Webcam HD,Électronique,Bretagne,1675.33,10
453,2024-05-17,Guide Python,Livres,Auvergne-Rhône-Alpes,82.33,5
454,2024-08-10,T-shirt Coton,Vêtements,Auvergne-Rhône-Alpes,233.3,5
455,2024-05-08,Roman Policier,Livres,Nouvelle-Aquitaine,91.92,4
456,2024-04-10,Atlas Monde,Livres,Bretagne,113.12,8
457,2024-06-19,Lampe LED,Maison,Occitanie,250.98,10
458,2024-08-08,Plante Verte,Maison,Nouvelle-Aquitaine,202.22,10
459,2024-04-12,Cadre Photo,Maison,PACA,190.27,8
460,2024-12-21,BD Manga,Livres,Nouvelle-Aquitaine,212.29,8
461,2024-05-23,Veste Sport,Vêtements,Occitanie,312.48,7
462,2024-04-02,Écharpe Laine,Vêtements,Bretagne,292.22,9
463,2024-05-29,Guide Python,Livres,Occitanie,48.79,2
464,2024-11-20,Livre Cuisine,Livres,Auvergne-Rhône-Alpes,80.43,5
465,2024-02-07,Sneakers Urban,Vêtements,Occitanie,537.32,8
466,2024-09-30,Atlas Monde,Livres,Occitanie,233.09,9
467,2024-07-03,Atlas Monde,Livres,Île-de-France,190.36,9
468,2024-12-02,Laptop Pro,Électronique,Auvergne-Rhône-Alpes,749.76,6
469,2024-12-12,Clé USB 64Go,Électronique,PACA,1547.12,7
470,2024-01-06,Plante Verte,Maison,Île-de-France,45.35,2
471,2024-07-19,Sneakers Urban,Vêtements,Nouvelle-Aquitaine,474.43,8
472,2024-09-04,Veste Sport,Vêtements,Île-de-France,84.27,2
473,2024-03-13,Laptop Pro,Électronique,PACA,854.56,6
474,2024-09-04,Guide Python,Livres,Bretagne,116.74,6
475,2024-02-04,Livre Cuisine,Livres,Nouvelle-Aquitaine,66.22,5
476,2024-11-27,Laptop Pro,Électronique,Nouvelle-Aquitaine,372.51,2
477,2024-03-30,Jean Slim,Vêtements,Bretagne,335.38,9
478,2024-07-26,Livre Cuisine,Livres,Auvergne-Rhône-Alpes,45.85,3
479,2024-11-10,Livre Cuisine,Livres,Île-de-France,76.3,4
480,2024-12-26,Livre Cuisine,Livres,Île-de-France,62.25,4
481,2024-10-01,Clé USB 64Go,Électronique,Île-de-France,446.69,3
482,2024-05-14,Sneakers Urban,Vêtements,Île-de-France,403.98,8
483,2024-11-08,Cadre Photo,Maison,Occitanie,204.68,7
484,2024-11-12,Tasse Design,Maison,Occitanie,101.32,3
485,2024-02-13,Cadre Photo,Maison,Bretagne,71.29,3
486,2024-04-03,Veste Sport,Vêtements,Île-de-France,338.78,6
487,2024-03-11,Livre Cuisine,Livres,Bretagne,181.25,10
488,2024-10-02,Sneakers Urban,Vêtements,PACA,154.43,3
489,2024-04-05,BD Manga,Livres,Auvergne-Rhône-Alpes,148.35,6
490,2024-09-05,Casque Audio,Électronique,Île-de-France,385.25,3
491,2024-11-30,Atlas Monde,Livres,Bretagne,147.93,8
492,2024-08-15,Livre Cuisine,Livres,PACA,120.07,8
493,2024-01-17,Smartphone X,Électronique,Nouvelle-Aquitaine,659.91,5
494,2024-10-16,Coussin Déco,Maison,Occitanie,227.96,8
495,2024-05-17,Clé USB 64Go,Électronique,Île-de-France,1834.15,9
496,2024-08-13,Cadre Photo,Maison,Île-de-France,196.84,9
497,2024-11-30,Roman Policier,Livres,PACA,67.55,4
498,2024-06-27,Tablette 10,Électronique,Nouvelle-Aquitaine,315.38,2
499,2024-10-28,Smartphone X,Électronique,Auvergne-Rhône-Alpes,1249.96,6
500,2024-03-12,Guide Python,Livres,Bretagne,97.26,4
501,2024-09-29,Clé USB 64Go,Électronique,Nouvelle-Aquitaine,883.11,5
502,2024-05-29,Veste Sport,Vêtements,PACA,260.59,5
503,2024-01-31,Smartphone X,Électronique,Occitanie,1045.23,5
504,2024-03-15,Jean Slim,Vêtements,Auvergne-Rhône-Alpes,367.95,6
505,2024-10-22,Livre Cuisine,Livres,Auvergne-Rhône-Alpes,108.2,5
506,2024-11-20,Livre Cuisine,Livres,Île-de-France,36.8,2
507,2024-09-06,Tasse Design,Maison,Occitanie,174.83,6
508,2024-11-21,Webcam HD,Électronique,Occitanie,1242.08,6
509,2024-04-18,Guide Python,Livres,Occitanie,131.74,8
510,2024-10-22,Tasse Design,Maison,Bretagne,86.47,3
511,2024-01-25,BD Manga,Livres,PACA,14.03,1
512,2024-03-21,Roman Policier,Livres,Île-de-France,153.39,8
513,2024-03-08,Guide Python,Livres,PACA,74.45,5
514,2024-07-03,Lampe LED,Maison,PACA,95.74,5
515,2024-11-16,T-shirt Coton,Vêtements,Occitanie,288.18,5
516,2024-02-16,Sneakers Urban,Vêtements,PACA,63.08,2
517,2024-10-30,Roman Policier,Livres,Auvergne-Rhône-Alpes,80.32,4
518,2024-12-22,Roman Policier,Livres,Île-de-France,146.2,6
519,2024-02-06,Guide Python,Livres,Occitanie,72.46,4
520,2024-07-07,Laptop Pro,Électronique,Nouvelle-Aquitaine,607.28,5
521,2024-09-28,Jean Slim,Vêtements,Île-de-France,318.05,10
522,2024-04-19,Sneakers Urban,Vêtements,Nouvelle-Aquitaine,193.85,3
523,2024-02-21,Guide Python,Livres,Île-de-France,70.31,3
524,2024-06-10,BD Manga,Livres,Occitanie,48.5,3
525,2024-11-03,Smartphone X,Électronique,Bretagne,1915.42,10
526,2024-06-03,Lampe LED,Maison,PACA,111.42,4
527,2024-11-26,Sneakers Urban,Vêtements,Nouvelle-Aquitaine,59.72,1
528,2024-02-27,Sneakers Urban,Vêtements,Occitanie,197.94,4
529,2024-07-03,Clé USB 64Go,Électronique,Île-de-France,725.03,6
530,2024-12-15,BD Manga,Livres,Bretagne,70.75,3
531,2024-02-04,Laptop Pro,Électronique,Bretagne,136.46,1
532,2024-09-16,Laptop Pro,Électronique,Occitanie,902.14,5
533,2024-07-24,Livre Cuisine,Livres,PACA,43.65,2
534,2024-06-07,Veste Sport,Vêtements,Île-de-France,99.81,2
535,2024-06-16,Jean Slim,Vêtements,Bretagne,368.28,7
536,2024-08-11,Casque Audio,Électronique,PACA,447.79,4
537,2024-08-20,Tablette 10,Électronique,Île-de-France,1780.6,10
538,2024-01-07,Coussin Déco,Maison,Île-de-France,94.59,3
539,2024-09-24,Sneakers Urban,Vêtements,Nouvelle-Aquitaine,537.19,9
540,2024-03-05,Coussin Déco,Maison,Nouvelle-Aquitaine,160.79,5
541,2024-08-07,Laptop Pro,Électronique,Nouvelle-Aquitaine,839.31,5
542,2024-02-09,Cadre Photo,Maison,PACA,212.83,8
543,2024-10-17,Lampe LED,Maison,Occitanie,74.56,3
544,2024-12-11,Lampe LED,Maison,Bretagne,44.14,2
545,2024-05-05,Laptop Pro,Électronique,Île-de-France,161.61,1
546,2024-01-19,Guide Python,Livres,Auvergne-Rhône-Alpes,217.48,9
547,2024-05-07,Guide Python,Livres,Nouvelle-Aquitaine,180.52,7
548,2024-10-19,Tasse Design,Maison,Île-de-France,119.33,6
549,2024-09-21,Smartphone X,Électronique,Auvergne-Rhône-Alpes,219.49,1
550,2024-06-08,Tablette 10,Électronique,Nouvelle-Aquitaine,692.2,6
551,2024-04-12,Roman Policier,Livres,Nouvelle-Aquitaine,103.59,5
552,2024-08-25,Cadre Photo,Maison,Auvergne-Rhône-Alpes,176.0,6
553,2024-10-06,Guide Python,Livres,PACA,59.07,4
554,2024-10-04,Roman Policier,Livres,Auvergne-Rhône-Alpes,130.55,6
555,2024-12-02,Casque Audio,Électronique,Île-de-France,1448.17,7
556,2024-09-28,Lampe LED,Maison,Auvergne-Rhône-Alpes,103.59,4
557,2024-05-23,Smartphone X,Électronique,PACA,220.54,2
558,2024-12-24,Écharpe Laine,Vêtements,Occitanie,288.03,6
559,2024-09-15,Clé USB 64Go,Électronique,Île-de-France,544.4,3
560,2024-10-17,Roman Policier,Livres,Bretagne,18.86,1
561,2024-05-13,Jean Slim,Vêtements,Nouvelle-Aquitaine,389.03,6
562,2024-08-19,BD Manga,Livres,Nouvelle-Aquitaine,79.82,5
563,2024-02-25,Jean Slim,Vêtements,Bretagne,105.91,3
564,2024-07-27,Livre Cuisine,Livres,Nouvelle-Aquitaine,40.63,2
565,2024-08-25,Sneakers Urban,Vêtements,Nouvelle-Aquitaine,310.95,5
566,2024-06-04,Smartphone X,Électronique,PACA,1098.4,10
567,2024-12-30,Coussin Déco,Maison,Île-de-France,147.47,4
568,2024-12-12,Atlas Monde,Livres,Île-de-France,81.73,5
569,2024-08-19,T-shirt Coton,Vêtements,Occitanie,525.88,9
570,2024-02-22,T-shirt Coton,Vêtements,Occitanie,107.62,3
571,2024-04-11,Smartphone X,Électronique,Auvergne-Rhône-Alpes,1047.68,7
572,2024-05-12,Clé USB 64Go,Électronique,Bretagne,215.23,2
573,2024-08-15,Smartphone X,Électronique,PACA,348.11,3
574,2024-08-24,Lampe LED,Maison,Île-de-France,20.86,1
575,2024-01-16,Livre Cuisine,Livres,Occitanie,157.07,7
576,2024-04-05,Veste Sport,Vêtements,Auvergne-Rhône-Alpes,207.87,5
577,2024-11-13,T-shirt Coton,Vêtements,Bretagne,403.48,10
578,2024-10-08,Plante Verte,Maison,Occitanie,149.76,8
579,2024-08-02,Plante Verte,Maison,Auvergne-Rhône-Alpes,121.41,4
580,2024-07-14,Écharpe Laine,Vêtements,Île-de-France,292.61,6
581,2024-09-14,BD Manga,Livres,Bretagne,109.16,6
582,2024-11-01,T-shirt Coton,Vêtements,Nouvelle-Aquitaine,130.22,4
583,2024-09-28,Lampe LED,Maison,Occitanie,197.02,6
584,2024-05-06,Jean Slim,Vêtements,Île-de-France,164.38,4
585,2024-07-17,Smartphone X,Électronique,Bretagne,1303.35,6
586,2024-10-30,Jean Slim,Vêtements,Auvergne-Rhône-Alpes,363.14,6
587,2024-12-26,Cadre Photo,Maison,Île-de-France,218.71,6
588,2024-09-09,Écharpe Laine,Vêtements,Auvergne-Rhône-Alpes,383.63,9
589,2024-01-29,Roman Policier,Livres,Île-de-France,85.06,4
590,2024-01-01,Clé USB 64Go,Électronique,Occitanie,1290.89,6
591,2024-03-31,Jean Slim,Vêtements,Nouvelle-Aquitaine,201.86,6
592,2024-03-13,Écharpe Laine,Vêtements,PACA,123.95,2
593,2024-12-26,Lampe LED,Maison,Nouvelle-Aquitaine,204.54,7
594,2024-03-10,Tasse Design,Maison,Nouvelle-Aquitaine,96.44,3
595,2024-06-11,Livre Cuisine,Livres,PACA,68.35,3
596,2024-10-28,Coussin Déco,Maison,PACA,75.2,3
597,2024-01-01,Coussin Déco,Maison,Auvergne-Rhône-Alpes,253.32,10
598,2024-06-11,Smartphone X,Électronique,Bretagne,1315.07,10
599,2024-06-18,Tablette 10,Électronique,Auvergne-Rhône-Alpes,267.12,2
600,2024-02-15,Coussin Déco,Maison,PACA,158.6,6
601,2024-12-20,Coussin Déco,Maison,Auvergne-Rhône-Alpes,49.02,2
602,2024-01-25,Webcam HD,Électronique,Île-de-France,1103.1,7
603,2024-09-09,Guide Python,Livres,Occitanie,123.6,7
604,2024-10-22,Roman Policier,Livres,Occitanie,59.77,4
605,2024-01-11,Laptop Pro,Électronique,Nouvelle-Aquitaine,818.01,6
606,2024-03-28,Laptop Pro,Électronique,Nouvelle-Aquitaine,870.16,7
607,2024-06-22,Clé USB 64Go,Électronique,Île-de-France,2232.33,10
608,2024-11-30,Roman Policier,Livres,Occitanie,64.04,3
609,2024-02-21,Guide Python,Livres,Île-de-France,93.36,6
610,2024-10-10,Sneakers Urban,Vêtements,PACA,369.45,9
611,2024-02-19,Tasse Design,Maison,Auvergne-Rhône-Alpes,25.36,1
612,2024-07-03,Guide Python,Livres,Île-de-France,18.76,1
613,2024-04-12,Cadre Photo,Maison,Occitanie,36.03,2
614,2024-08-30,Veste Sport,Vêtements,Île-de-France,85.2,2
615,2024-12-04,Livre Cuisine,Livres,Occitanie,69.56,5
616,2024-07-14,Guide Python,Livres,Nouvelle-Aquitaine,91.72,6
617,2024-08-26,Casque Audio,Électronique,Occitanie,660.75,5
618,2024-03-18,Cadre Photo,Maison,Île-de-France,38.43,2
619,2024-10-28,Cadre Photo,Maison,Occitanie,114.29,4
620,2024-10-01,Atlas Monde,Livres,Occitanie,166.78,8
621,2024-02-10,Sneakers Urban,Vêtements,Nouvelle-Aquitaine,448.0,7
622,2024-09-21,Clé USB 64Go,Électronique,Bretagne,1863.04,10
623,2024-03-29,T-shirt Coton,Vêtements,Occitanie,199.49,3
624,2024-08-04,Jean Slim,Vêtements,Île-de-France,134.16,2
625,2024-03-16,Guide Python,Livres,PACA,163.14,10
626,2024-10-11,Laptop Pro,Électronique,Occitanie,1198.73,7
627,2024-01-07,Cadre Photo,Maison,Occitanie,292.52,10
628,2024-03-17,Roman Policier,Livres,Occitanie,62.28,3
629,2024-02-21,Laptop Pro,Électronique,Bretagne,1045.49,5
630,2024-07-15,Plante Verte,Maison,Nouvelle-Aquitaine,231.52,8
631,2024-05-21,Roman Policier,Livres,Auvergne-Rhône-Alpes,102.7,7
632,2024-06-18,Roman Policier,Livres,Occitanie,53.24,4
633,2024-01-11,BD Manga,Livres,Nouvelle-Aquitaine,146.22,6
634,2024-09-08,Tasse Design,Maison,Nouvelle-Aquitaine,73.9,2
635,2024-08-14,Jean Slim,Vêtements,Nouvelle-Aquitaine,247.19,6
636,2024-02-15,Atlas Monde,Livres,PACA,75.84,4
637,2024-07-10,Livre Cuisine,Livres,Bretagne,20.02,1
638,2024-12-29,T-shirt Coton,Vêtements,Nouvelle-Aquitaine,414.2,9
639,2024-04-12,Smartphone X,Électronique,Auvergne-Rhône-Alpes,134.94,1
640,2024-12-26,Roman Policier,Livres,Nouvelle-Aquitaine,66.18,4
641,2024-11-21,Atlas Monde,Livres,Occitanie,44.82,2
642,2024-10-31,Veste Sport,Vêtements,Occitanie,303.14,8
643,2024-06-28,Atlas Monde,Livres,Bretagne,89.73,6
644,2024-01-15,Lampe LED,Maison,Nouvelle-Aquitaine,129.45,7
645,2024-04-25,Jean Slim,Vêtements,PACA,164.75,4
646,2024-12-15,Atlas Monde,Livres,Île-de-France,19.43,1
647,2024-01-05,Jean Slim,Vêtements,Bretagne,162.34,4
648,2024-07-11,Tasse Design,Maison,Occitanie,160.08,6
649,2024-12-12,Sneakers Urban,Vêtements,Nouvelle-Aquitaine,550.58,9
650,2024-01-04,Atlas Monde,Livres,Île-de-France,242.93,9
651,2024-10-31,Cadre Photo,Maison,PACA,231.54,10
652,2024-06-21,Tablette 10,Électronique,Île-de-France,909.36,5
653,2024-12-30,Tasse Design,Maison,PACA,106.34,5
654,2024-07-25,T-shirt Coton,Vêtements,Bretagne,336.04,6
655,2024-05-31,Webcam HD,Électronique,Occitanie,1069.15,5
656,2024-01-19,Livre Cuisine,Livres,PACA,227.96,10
657,2024-04-23,Veste Sport,Vêtements,PACA,490.31,9
658,2024-06-02,BD Manga,Livres,Bretagne,74.12,3
659,2024-08-29,Veste Sport,Vêtements,Île-de-France,174.52,3
660,2024-02-15,Veste Sport,Vêtements,PACA,177.16,4
661,2024-07-09,Plante Verte,Maison,Nouvelle-Aquitaine,146.06,5
662,2024-01-28,Roman Policier,Livres,Occitanie,209.57,10
663,2024-09-13,Tablette 10,Électronique,Auvergne-Rhône-Alpes,418.2,2
664,2024-07-30,Atlas Monde,Livres,Nouvelle-Aquitaine,25.14,1
665,2024-06-24,Jean Slim,Vêtements,Auvergne-Rhône-Alpes,469.27,7
666,2024-04-02,Guide Python,Livres,Nouvelle-Aquitaine,39.24,2
667,2024-01-30,Veste Sport,Vêtements,PACA,47.77,1
668,2024-03-22,Jean Slim,Vêtements,Bretagne,478.14,8
669,2024-08-10,Smartphone X,Électronique,Bretagne,1073.85,7
670,2024-01-20,Livre Cuisine,Livres,Île-de-France,139.24,9
671,2024-09-28,Lampe LED,Maison,Nouvelle-Aquitaine,71.43,4
672,2024-05-07,Webcam HD,Électronique,PACA,752.89,4
673,2024-02-22,Tasse Design,Maison,Auvergne-Rhône-Alpes,192.97,7
674,2024-01-24,Coussin Déco,Maison,Île-de-France,182.35,5
675,2024-09-25,Atlas Monde,Livres,Bretagne,113.07,6
676,2024-07-02,Veste Sport,Vêtements,Occitanie,149.74,4
677,2024-04-24,Roman Policier,Livres,Auvergne-Rhône-Alpes,46.92,3
678,2024-03-27,Clé USB 64Go,Électronique,Bretagne,297.98,2
679,2024-05-10,Tablette 10,Électronique,PACA,1617.99,9
680,2024-11-30,Webcam HD,Électronique,Île-de-France,110.79,1
681,2024-07-13,Tablette 10,Électronique,Occitanie,341.35,2
682,2024-12-21,Guide Python,Livres,Auvergne-Rhône-Alpes,16.94,1
683,2024-05-18,Webcam HD,Électronique,Bretagne,1776.76,10
684,2024-09-18,Sneakers Urban,Vêtements,Île-de-France,357.38,10
685,2024-04-11,Laptop Pro,Électronique,Occitanie,1289.7,10
686,2024-07-02,Cadre Photo,Maison,Auvergne-Rhône-Alpes,163.85,7
687,2024-04-16,Clé USB 64Go,Électronique,Occitanie,1157.38,8
688,2024-02-15,Laptop Pro,Électronique,PACA,410.46,2
689,2024-09-18,Guide Python,Livres,Île-de-France,46.04,2
690,2024-04-28,Casque Audio,Électronique,PACA,1789.12,8
691,2024-01-26,Tasse Design,Maison,Occitanie,67.53,2
692,2024-12-12,Casque Audio,Électronique,Nouvelle-Aquitaine,936.72,6
693,2024-01-05,Laptop Pro,Électronique,Île-de-France,553.81,3
694,2024-08-12,Veste Sport,Vêtements,Nouvelle-Aquitaine,411.59,10
695,2024-04-03,Casque Audio,Électronique,Nouvelle-Aquitaine,306.19,2
696,2024-12-19,BD Manga,Livres,Occitanie,192.95,8
697,2024-12-22,T-shirt Coton,Vêtements,Auvergne-Rhône-Alpes,66.84,1
698,2024-10-29,T-shirt Coton,Vêtements,Occitanie,483.05,8
699,2024-07-13,Guide Python,Livres,Bretagne,128.42,6
700,2024-02-27,Sneakers Urban,Vêtements,Occitanie,331.55,7
701,2024-06-09,Casque Audio,Électronique,PACA,189.55,1
702,2024-09-24,Veste Sport,Vêtements,Bretagne,349.29,10
703,2024-12-05,Sneakers Urban,Vêtements,Nouvelle-Aquitaine,257.96,7
704,2024-03-21,Laptop Pro,Électronique,PACA,1861.75,9
705,2024-09-08,Guide Python,Livres,Île-de-France,96.41,6
706,2024-04-24,Lampe LED,Maison,Bretagne,273.3,9
707,2024-08-23,Guide Python,Livres,Île-de-France,193.11,8
708,2024-08-16,Roman Policier,Livres,Occitanie,85.86,6
709,2024-07-25,Roman Policier,Livres,Île-de-France,91.81,7
710,2024-11-12,Laptop Pro,Électronique,Bretagne,1059.07,5
711,2024-07-05,Sneakers Urban,Vêtements,Nouvelle-Aquitaine,60.9,1
712,2024-11-13,BD Manga,Livres,Bretagne,194.13,10
713,2024-02-19,Plante Verte,Maison,Île-de-France,70.18,4
714,2024-09-24,Tasse Design,Maison,Bretagne,189.25,6
715,2024-03-12,Smartphone X,Électronique,Occitanie,824.85,7
716,2024-07-20,Jean Slim,Vêtements,Île-de-France,191.81,4
717,2024-07-31,Veste Sport,Vêtements,Île-de-France,64.86,1
718,2024-12-03,Tablette 10,Électronique,Occitanie,2197.43,10
719,2024-09-28,Sneakers Urban,Vêtements,Île-de-France,51.42,1
720,2024-09-17,Atlas Monde,Livres,Occitanie,67.69,3
721,2024-07-17,Jean Slim,Vêtements,Île-de-France,533.22,10
722,2024-08-02,Cadre Photo,Maison,Occitanie,358.18,10
723,2024-06-24,Veste Sport,Vêtements,Occitanie,239.01,5
724,2024-11-04,Jean Slim,Vêtements,Occitanie,380.35,9
725,2024-04-21,Cadre Photo,Maison,PACA,86.78,4
726,2024-03-08,Tasse Design,Maison,PACA,82.73,3
727,2024-10-14,Lampe LED,Maison,Nouvelle-Aquitaine,233.25,8
728,2024-08-04,Atlas Monde,Livres,Nouvelle-Aquitaine,20.13,1
729,2024-01-28,Tablette 10,Électronique,Auvergne-Rhône-Alpes,128.99,1
730,2024-05-08,Veste Sport,Vêtements,PACA,185.15,3
731,2024-01-17,Coussin Déco,Maison,Bretagne,202.68,6
732,2024-10-14,Clé USB 64Go,Électronique,PACA,776.36,4
733,2024-12-22,Guide Python,Livres,Bretagne,112.89,5
734,2024-08-01,Tablette 10,Électronique,Occitanie,1325.4,6
735,2024-05-08,Laptop Pro,Électronique,PACA,717.87,4
736,2024-12-26,Guide Python,Livres,PACA,140.84,6
737,2024-08-17,Jean Slim,Vêtements,Nouvelle-Aquitaine,200.71,3
738,2024-09-20,Smartphone X,Électronique,Auvergne-Rhône-Alpes,300.53,2
739,2024-05-15,BD Manga,Livres,Bretagne,44.75,3
740,2024-08-26,Lampe LED,Maison,Nouvelle-Aquitaine,54.9,3
741,2024-11-16,Cadre Photo,Maison,Île-de-France,343.63,10
742,2024-10-08,Plante Verte,Maison,Bretagne,113.75,6
743,2024-04-04,Cadre Photo,Maison,Auvergne-Rhône-Alpes,169.77,9
744,2024-10-01,Sneakers Urban,Vêtements,Bretagne,243.67,7
745,2024-06-18,Jean Slim,Vêtements,PACA,266.93,6
746,2024-08-31,Écharpe Laine,Vêtements,Bretagne,550.38,9
747,2024-06-26,Laptop Pro,Électronique,PACA,1070.73,8
748,2024-06-13,T-shirt Coton,Vêtements,PACA,451.31,7
749,2024-10-03,Tablette 10,Électronique,Nouvelle-Aquitaine,539.82,5
750,2024-08-16,Cadre Photo,Maison,Bretagne,147.02,8
751,2024-02-12,Veste Sport,Vêtements,Bretagne,75.05,2
752,2024-04-17,Webcam HD,Électronique,Île-de-France,835.18,4
753,2024-10-02,Roman Policier,Livres,Auvergne-Rhône-Alpes,153.37,7
754,2024-03-19,Webcam HD,Électronique,PACA,160.11,1
755,2024-02-07,Lampe LED,Maison,Île-de-France,21.06,1
756,2024-10-21,Cadre Photo,Maison,Île-de-France,142.88,4
757,2024-11-18,Livre Cuisine,Livres,Occitanie,131.85,7
758,2024-03-01,Tablette 10,Électronique,PACA,951.37,9
759,2024-01-24,Webcam HD,Électronique,Bretagne,295.85,2
760,2024-06-03,Casque Audio,Électronique,PACA,1153.81,10
761,2024-12-04,Livre Cuisine,Livres,Occitanie,19.43,1
762,2024-07-19,Jean Slim,Vêtements,PACA,379.07,9
763,2024-11-27,Veste Sport,Vêtements,PACA,395.8,6
764,2024-03-13,Clé USB 64Go,Électronique,Bretagne,220.03,2
765,2024-02-13,Atlas Monde,Livres,Bretagne,78.12,5
766,2024-11-26,Coussin Déco,Maison,Occitanie,183.14,9
767,2024-05-09,Jean Slim,Vêtements,Bretagne,142.51,4
768,2024-11-26,Clé USB 64Go,Électronique,Occitanie,1024.0,9
769,2024-04-11,Casque Audio,Électronique,Île-de-France,1634.63,10
770,2024-12-09,Tasse Design,Maison,Auvergne-Rhône-Alpes,78.0,4
771,2024-09-05,Smartphone X,Électronique,Nouvelle-Aquitaine,1155.21,8
772,2024-10-16,Cadre Photo,Maison,Auvergne-Rhône-Alpes,247.9,10
773,2024-01-03,Plante Verte,Maison,Auvergne-Rhône-Alpes,134.54,6
774,2024-07-03,Sneakers Urban,Vêtements,Nouvelle-Aquitaine,167.89,3
775,2024-08-16,Plante Verte,Maison,Occitanie,197.97,6
776,2024-03-30,Atlas Monde,Livres,Île-de-France,137.8,10
777,2024-04-10,Coussin Déco,Maison,Bretagne,160.85,5
778,2024-01-10,Webcam HD,Électronique,Île-de-France,1627.16,9
779,2024-01-19,Atlas Monde,Livres,Auvergne-Rhône-Alpes,147.18,9
780,2024-07-19,Guide Python,Livres,Nouvelle-Aquitaine,101.75,4
781,2024-09-13,Coussin Déco,Maison,Occitanie,173.8,9
782,2024-12-05,Cadre Photo,Maison,Île-de-France,137.84,4
783,2024-08-16,Écharpe Laine,Vêtements,Auvergne-Rhône-Alpes,113.85,3
784,2024-01-21,Sneakers Urban,Vêtements,Nouvelle-Aquitaine,235.65,4
785,2024-07-08,T-shirt Coton,Vêtements,Nouvelle-Aquitaine,132.16,4
786,2024-07-17,Écharpe Laine,Vêtements,Nouvelle-Aquitaine,516.36,8
787,2024-06-14,Laptop Pro,Électronique,PACA,378.9,2
788,2024-10-05,Tasse Design,Maison,Bretagne,209.77,10
789,2024-11-30,BD Manga,Livres,Bretagne,40.08,2
790,2024-07-26,Guide Python,Livres,Bretagne,146.21,6
791,2024-11-05,Plante Verte,Maison,Occitanie,27.54,1
792,2024-04-27,Sneakers Urban,Vêtements,Auvergne-Rhône-Alpes,100.05,2
793,2024-04-05,Coussin Déco,Maison,Auvergne-Rhône-Alpes,74.23,3
794,2024-07-31,Webcam HD,Électronique,Auvergne-Rhône-Alpes,1148.58,6
795,2024-04-17,Livre Cuisine,Livres,Occitanie,149.22,10
796,2024-01-23,Roman Policier,Livres,Auvergne-Rhône-Alpes,62.57,3
797,2024-09-19,Jean Slim,Vêtements,PACA,63.57,1
798,2024-05-12,T-shirt Coton,Vêtements,Auvergne-Rhône-Alpes,150.3,3
799,2024-11-22,Atlas Monde,Livres,Bretagne,25.25,1
800,2024-08-17,Lampe LED,Maison,Auvergne-Rhône-Alpes,373.56,10
801,2024-07-29,Guide Python,Livres,Auvergne-Rhône-Alpes,146.55,10
802,2024-09-18,Écharpe Laine,Vêtements,PACA,187.69,5
803,2024-10-29,Plante Verte,Maison,Bretagne,44.19,2
804,2024-01-09,Guide Python,Livres,Île-de-France,80.51,4
805,2024-02-19,Guide Python,Livres,Bretagne,58.36,3
806,2024-03-01,Clé USB 64Go,Électronique,Bretagne,325.74,2
807,2024-01-01,Écharpe Laine,Vêtements,Bretagne,352.06,7
808,2024-09-28,Lampe LED,Maison,PACA,154.63,7
809,2024-10-28,Livre Cuisine,Livres,Nouvelle-Aquitaine,140.07,10
810,2024-04-29,Veste Sport,Vêtements,Occitanie,83.4,2
811,2024-01-03,BD Manga,Livres,Auvergne-Rhône-Alpes,20.92,1
812,2024-07-11,Clé USB 64Go,Électronique,Île-de-France,750.13,4
813,2024-02-24,Plante Verte,Maison,Nouvelle-Aquitaine,78.06,3
814,2024-08-04,Tasse Design,Maison,Bretagne,248.13,10
815,2024-07-30,Plante Verte,Maison,Auvergne-Rhône-Alpes,298.58,9
816,2024-10-13,Guide Python,Livres,Nouvelle-Aquitaine,176.1,9
817,2024-12-27,Cadre Photo,Maison,Nouvelle-Aquitaine,225.51,7
818,2024-08-16,Webcam HD,Électronique,Auvergne-Rhône-Alpes,351.1,3
819,2024-11-10,BD Manga,Livres,Bretagne,14.91,1
820,2024-08-29,Laptop Pro,Électronique,Auvergne-Rhône-Alpes,1572.45,10
821,2024-07-08,Casque Audio,Électronique,Auvergne-Rhône-Alpes,356.17,2
822,2024-12-01,Livre Cuisine,Livres,Bretagne,150.53,9
823,2024-09-10,Smartphone X,Électronique,PACA,850.28,8
824,2024-11-02,Coussin Déco,Maison,Île-de-France,250.35,9
825,2024-12-11,Écharpe Laine,Vêtements,Auvergne-Rhône-Alpes,44.45,1
826,2024-05-21,Smartphone X,Électronique,Île-de-France,1031.63,7
827,2024-04-12,Livre Cuisine,Livres,Bretagne,115.39,9
828,2024-05-25,Laptop Pro,Électronique,Bretagne,1933.21,9
829,2024-04-25,Tasse Design,Maison,Nouvelle-Aquitaine,367.61,10
830,2024-01-03,Livre Cuisine,Livres,Bretagne,75.6,5
831,2024-09-14,Clé USB 64Go,Électronique,Île-de-France,728.98,5
832,2024-10-02,Clé USB 64Go,Électronique,Nouvelle-Aquitaine,1350.17,10
833,2024-09-04,Livre Cuisine,Livres,Bretagne,94.03,4
834,2024-01-15,Livre Cuisine,Livres,Bretagne,114.19,8
835,2024-04-22,Tablette 10,Électronique,PACA,804.08,4
836,2024-10-01,BD Manga,Livres,Bretagne,22.69,1
837,2024-02-17,Coussin Déco,Maison,Nouvelle-Aquitaine,216.82,7
838,2024-04-01,Lampe LED,Maison,Bretagne,190.22,8
839,2024-04-03,Écharpe Laine,Vêtements,Nouvelle-Aquitaine,197.86,4
840,2024-05-03,Jean Slim,Vêtements,PACA,194.72,5
841,2024-07-01,Jean Slim,Vêtements,Bretagne,178.63,3
842,2024-12-05,Laptop Pro,Électronique,PACA,1429.27,8
843,2024-11-13,Tablette 10,Électronique,Nouvelle-Aquitaine,984.49,6
844,2024-09-18,Plante Verte,Maison,Auvergne-Rhône-Alpes,127.29,5
845,2024-08-04,T-shirt Coton,Vêtements,Bretagne,522.62,8
846,2024-07-20,Clé USB 64Go,Électronique,Nouvelle-Aquitaine,479.59,3
847,2024-08-23,Webcam HD,Électronique,Bretagne,1126.23,6
848,2024-07-13,Webcam HD,Électronique,Auvergne-Rhône-Alpes,1170.9,10
849,2024-04-05,Cadre Photo,Maison,Nouvelle-Aquitaine,204.81,9
850,2024-06-24,Plante Verte,Maison,Bretagne,127.07,6
851,2024-12-24,Guide Python,Livres,Occitanie,107.14,6
852,2024-04-02,BD Manga,Livres,Occitanie,144.88,10
853,2024-05-18,T-shirt Coton,Vêtements,PACA,205.97,4
854,2024-03-17,Guide Python,Livres,Auvergne-Rhône-Alpes,193.61,8
855,2024-03-09,Sneakers Urban,Vêtements,Occitanie,456.51,9
856,2024-05-08,Plante Verte,Maison,Nouvelle-Aquitaine,312.03,9
857,2024-12-19,Tablette 10,Électronique,Île-de-France,336.61,3
858,2024-02-19,Plante Verte,Maison,PACA,259.13,8
859,2024-10-13,Tasse Design,Maison,Nouvelle-Aquitaine,325.23,9
860,2024-07-29,Tasse Design,Maison,Île-de-France,49.04,2
861,2024-11-28,Écharpe Laine,Vêtements,Bretagne,340.05,9
862,2024-12-10,Tasse Design,Maison,Nouvelle-Aquitaine,245.25,9
863,2024-11-10,Roman Policier,Livres,Occitanie,96.39,5
864,2024-06-21,Jean Slim,Vêtements,PACA,379.58,7
865,2024-03-23,Roman Policier,Livres,Île-de-France,95.32,6
866,2024-05-16,Tasse Design,Maison,PACA,303.93,10
867,2024-10-27,Plante Verte,Maison,Nouvelle-Aquitaine,331.29,9
868,2024-01-12,Guide Python,Livres,Auvergne-Rhône-Alpes,69.24,3
869,2024-03-26,Lampe LED,Maison,Auvergne-Rhône-Alpes,136.92,7
870,2024-01-28,Tablette 10,Électronique,Bretagne,197.51,1
871,2024-11-12,Laptop Pro,Électronique,Nouvelle-Aquitaine,345.35,3
872,2024-05-06,BD Manga,Livres,Auvergne-Rhône-Alpes,94.91,5
873,2024-03-28,Jean Slim,Vêtements,Bretagne,32.77,1
874,2024-08-27,Tasse Design,Maison,Occitanie,325.77,9
875,2024-10-03,Guide Python,Livres,PACA,63.32,3
876,2024-09-25,Atlas Monde,Livres,Occitanie,153.53,9
877,2024-04-26,Plante Verte,Maison,Bretagne,52.67,2
878,2024-03-20,Plante Verte,Maison,Nouvelle-Aquitaine,88.56,5
879,2024-08-28,Veste Sport,Vêtements,Nouvelle-Aquitaine,286.19,9
880,2024-01-05,Livre Cuisine,Livres,Nouvelle-Aquitaine,168.63,7
881,2024-07-10,T-shirt Coton,Vêtements,Bretagne,185.29,4
882,2024-03-24,Livre Cuisine,Livres,Auvergne-Rhône-Alpes,171.71,7
883,2024-08-04,Veste Sport,Vêtements,Île-de-France,200.39,4
884,2024-09-29,Tasse Design,Maison,PACA,128.79,5
885,2024-05-28,Smartphone X,Électronique,Auvergne-Rhône-Alpes,362.85,2
886,2024-11-14,BD Manga,Livres,PACA,122.43,8
887,2024-09-30,Smartphone X,Électronique,Île-de-France,127.31,1
888,2024-03-05,Casque Audio,Électronique,Nouvelle-Aquitaine,1538.02,8
889,2024-01-08,T-shirt Coton,Vêtements,Auvergne-Rhône-Alpes,314.55,8
890,2024-07-09,BD Manga,Livres,Occitanie,181.09,8
891,2024-03-15,Casque Audio,Électronique,Île-de-France,136.98,1
892,2024-08-28,Roman Policier,Livres,Bretagne,46.1,3
893,2024-03-03,Plante Verte,Maison,Île-de-France,100.78,4
894,2024-01-18,Guide Python,Livres,PACA,76.94,4
895,2024-04-16,Clé USB 64Go,Électronique,PACA,1213.56,8
896,2024-11-18,Tasse Design,Maison,Auvergne-Rhône-Alpes,32.39,1
897,2024-11-22,Casque Audio,Électronique,Occitanie,644.23,5
898,2024-02-27,Webcam HD,Électronique,Auvergne-Rhône-Alpes,723.8,4
899,2024-05-21,Lampe LED,Maison,Auvergne-Rhône-Alpes,198.93,10
900,2024-10-24,T-shirt Coton,Vêtements,Île-de-France,450.26,8
901,2024-05-07,Veste Sport,Vêtements,Île-de-France,148.49,3
902,2024-07-01,Lampe LED,Maison,Île-de-France,94.58,3
903,2024-04-29,Smartphone X,Électronique,Occitanie,1336.81,6
904,2024-04-08,Plante Verte,Maison,PACA,31.28,1
905,2024-01-21,Coussin Déco,Maison,Nouvelle-Aquitaine,253.06,8
906,2024-09-07,Cadre Photo,Maison,PACA,115.34,4
907,2024-08-27,Tasse Design,Maison,PACA,174.27,5
908,2024-03-20,T-shirt Coton,Vêtements,Bretagne,337.15,8
909,2024-08-20,Cadre Photo,Maison,Nouvelle-Aquitaine,33.02,1
910,2024-11-13,Guide Python,Livres,Île-de-France,142.65,6
911,2024-02-02,Veste Sport,Vêtements,PACA,548.87,9
912,2024-09-11,Écharpe Laine,Vêtements,PACA,333.44,9
913,2024-11-24,Tasse Design,Maison,Occitanie,118.26,6
914,2024-04-01,Laptop Pro,Électronique,Auvergne-Rhône-Alpes,129.25,1
915,2024-01-17,Guide Python,Livres,Île-de-France,218.41,10
916,2024-11-15,Livre Cuisine,Livres,Bretagne,162.86,10
917,2024-02-06,Coussin Déco,Maison,Bretagne,36.1,1
918,2024-08-27,Sneakers Urban,Vêtements,Île-de-France,44.49,1
919,2024-01-30,BD Manga,Livres,PACA,164.28,10
920,2024-06-04,Webcam HD,Électronique,Île-de-France,436.7,2
921,2024-04-28,Laptop Pro,Électronique,PACA,1361.16,9
922,2024-05-07,Écharpe Laine,Vêtements,PACA,540.12,10
923,2024-10-12,Écharpe Laine,Vêtements,PACA,408.52,7
924,2024-12-06,Plante Verte,Maison,PACA,246.1,7
925,2024-07-24,Jean Slim,Vêtements,Bretagne,392.85,9
926,2024-08-14,Écharpe Laine,Vêtements,Bretagne,383.94,6
927,2024-11-20,Tasse Design,Maison,Occitanie,238.16,7
928,2024-10-15,Cadre Photo,Maison,Auvergne-Rhône-Alpes,196.01,9
929,2024-08-17,Tasse Design,Maison,Occitanie,122.53,7
930,2024-01-09,Casque Audio,Électronique,Bretagne,1090.89,9
931,2024-04-23,Lampe LED,Maison,Nouvelle-Aquitaine,138.46,4
932,2024-10-10,Webcam HD,Électronique,Nouvelle-Aquitaine,1545.83,9
933,2024-08-23,T-shirt Coton,Vêtements,Île-de-France,222.72,6
934,2024-05-07,Tasse Design,Maison,Bretagne,90.5,4
935,2024-07-23,Lampe LED,Maison,Bretagne,358.58,10
936,2024-09-04,Webcam HD,Électronique,Nouvelle-Aquitaine,490.78,3
937,2024-06-02,Clé USB 64Go,Électronique,PACA,192.69,1
938,2024-06-20,Roman Policier,Livres,Île-de-France,151.61,6
939,2024-04-26,Livre Cuisine,Livres,Île-de-France,259.73,10
940,2024-09-25,Roman Policier,Livres,Nouvelle-Aquitaine,17.2,1
941,2024-12-23,Veste Sport,Vêtements,Bretagne,148.06,4
942,2024-10-21,Livre Cuisine,Livres,Bretagne,125.07,9
943,2024-03-16,BD Manga,Livres,Occitanie,52.32,3
944,2024-01-26,Atlas Monde,Livres,PACA,165.14,9
945,2024-08-10,Tablette 10,Électronique,Bretagne,589.33,3
946,2024-09-06,Atlas Monde,Livres,Auvergne-Rhône-Alpes,153.95,7
947,2024-09-25,Écharpe Laine,Vêtements,Bretagne,160.89,4
948,2024-12-16,Plante Verte,Maison,Nouvelle-Aquitaine,192.92,10
949,2024-06-27,Livre Cuisine,Livres,Nouvelle-Aquitaine,68.87,4
950,2024-06-28,Casque Audio,Électronique,Auvergne-Rhône-Alpes,2035.9,10
951,2024-08-13,Atlas Monde,Livres,Auvergne-Rhône-Alpes,25.91,1
952,2024-07-10,Jean Slim,Vêtements,PACA,176.34,3
953,2024-01-28,Laptop Pro,Électronique,PACA,875.49,4
954,2024-06-24,Veste Sport,Vêtements,Île-de-France,84.97,2
955,2024-04-17,Roman Policier,Livres,Nouvelle-Aquitaine,140.86,9
956,2024-11-14,Cadre Photo,Maison,Occitanie,94.2,3
957,2024-12-05,Tablette 10,Électronique,Bretagne,991.96,9
958,2024-04-12,T-shirt Coton,Vêtements,Nouvelle-Aquitaine,412.66,10
959,2024-07-17,Roman Policier,Livres,Île-de-France,110.73,5
960,2024-05-29,Lampe LED,Maison,Île-de-France,154.86,7
961,2024-02-20,Atlas Monde,Livres,PACA,117.47,6
962,2024-09-13,Smartphone X,Électronique,Auvergne-Rhône-Alpes,1378.26,8
963,2024-09-28,Laptop Pro,Électronique,Auvergne-Rhône-Alpes,725.14,5
964,2024-06-26,Guide Python,Livres,Île-de-France,106.3,6
965,2024-05-21,Coussin Déco,Maison,Bretagne,30.02,1
966,2024-05-23,Roman Policier,Livres,Bretagne,59.14,4
967,2024-07-14,Guide Python,Livres,Île-de-France,237.89,9
968,2024-10-20,Sneakers Urban,Vêtements,Auvergne-Rhône-Alpes,140.56,3
969,2024-08-17,Cadre Photo,Maison,Nouvelle-Aquitaine,181.22,9
970,2024-12-16,Écharpe Laine,Vêtements,Bretagne,250.21,4
971,2024-08-08,Cadre Photo,Maison,Auvergne-Rhône-Alpes,91.87,3
972,2024-10-12,Veste Sport,Vêtements,Île-de-France,590.85,9
973,2024-03-15,Smartphone X,Électronique,Nouvelle-Aquitaine,196.85,1
974,2024-08-14,Livre Cuisine,Livres,Nouvelle-Aquitaine,73.94,5
975,2024-04-04,T-shirt Coton,Vêtements,Auvergne-Rhône-Alpes,58.95,1
976,2024-11-09,Cadre Photo,Maison,Bretagne,117.71,4
977,2024-02-10,T-shirt Coton,Vêtements,Nouvelle-Aquitaine,290.62,8
978,2024-07-17,BD Manga,Livres,Auvergne-Rhône-Alpes,155.39,8
979,2024-01-17,Jean Slim,Vêtements,Auvergne-Rhône-Alpes,413.16,7
980,2024-04-23,Casque Audio,Électronique,Occitanie,783.73,4
981,2024-11-11,Smartphone X,Électronique,Occitanie,1500.35,8
982,2024-07-26,Guide Python,Livres,Occitanie,21.35,1
983,2024-11-09,BD Manga,Livres,Occitanie,211.51,10
984,2024-08-19,Clé USB 64Go,Électronique,Île-de-France,1633.93,8
985,2024-10-02,Smartphone X,Électronique,Bretagne,1561.42,7
986,2024-09-21,Clé USB 64Go,Électronique,Occitanie,127.78,1
987,2024-05-26,Livre Cuisine,Livres,Nouvelle-Aquitaine,119.98,8
988,2024-12-19,Cadre Photo,Maison,Île-de-France,320.16,9
989,2024-09-13,Livre Cuisine,Livres,Île-de-France,30.38,2
990,2024-06-14,Sneakers Urban,Vêtements,Occitanie,259.17,8
991,2024-04-13,Atlas Monde,Livres,PACA,111.19,8
992,2024-03-04,Coussin Déco,Maison,PACA,39.57,2
993,2024-09-25,BD Manga,Livres,Île-de-France,161.47,7
994,2024-07-13,Sneakers Urban,Vêtements,Bretagne,59.16,1
995,2024-03-17,Cadre Photo,Maison,PACA,104.63,3
996,2024-06-06,T-shirt Coton,Vêtements,Occitanie,288.93,5
997,2024-04-02,BD Manga,Livres,PACA,51.08,2
998,2024-05-09,T-shirt Coton,Vêtements,Bretagne,48.01,1
999,2024-11-07,Atlas Monde,Livres,Île-de-France,128.2,8
1000,2024-08-14,Livre Cuisine,Livres,Occitanie,42.52,2
